cell,run,concurrency,batch,operation,startNanos,durationNanos,success,decodedBytes,decodedSha256,threadName
A,A1,1,4,0,4893528936678,2214198,true,265745,1eeadb414471c8f89207118baad01d1a9ec7b05306df0482a79d92d2c615fa99,parallel-4
A,A1,1,5,0,4893531594878,2032431,true,265745,1eeadb414471c8f89207118baad01d1a9ec7b05306df0482a79d92d2c615fa99,parallel-5
A,A1,1,6,0,4893534233541,2273617,true,265745,1eeadb414471c8f89207118baad01d1a9ec7b05306df0482a79d92d2c615fa99,parallel-6
A,A1,1,7,0,4893537183053,2209270,true,265745,1eeadb414471c8f89207118baad01d1a9ec7b05306df0482a79d92d2c615fa99,parallel-7
A,A1,1,8,0,4893540196345,1866542,true,265745,1eeadb414471c8f89207118baad01d1a9ec7b05306df0482a79d92d2c615fa99,parallel-8
A,A1,1,9,0,4893542619585,2084932,true,265745,1eeadb414471c8f89207118baad01d1a9ec7b05306df0482a79d92d2c615fa99,parallel-9
A,A1,1,10,0,4893545121260,1428085,true,265745,1eeadb414471c8f89207118baad01d1a9ec7b05306df0482a79d92d2c615fa99,parallel-10
A,A1,1,11,0,4893546974102,2323616,true,265745,1eeadb414471c8f89207118baad01d1a9ec7b05306df0482a79d92d2c615fa99,parallel-11
A,A1,1,12,0,4893549979214,1926806,true,265745,1eeadb414471c8f89207118baad01d1a9ec7b05306df0482a79d92d2c615fa99,parallel-12
A,A1,1,13,0,4893552714758,1191674,true,265745,1eeadb414471c8f89207118baad01d1a9ec7b05306df0482a79d92d2c615fa99,parallel-13
A,A1,2,4,1,4893589448429,945371,true,265745,1eeadb414471c8f89207118baad01d1a9ec7b05306df0482a79d92d2c615fa99,parallel-5
A,A1,2,4,0,4893589425009,1289972,true,265745,1eeadb414471c8f89207118baad01d1a9ec7b05306df0482a79d92d2c615fa99,parallel-4
A,A1,2,5,0,4893590973802,1088477,true,265745,1eeadb414471c8f89207118baad01d1a9ec7b05306df0482a79d92d2c615fa99,parallel-6
A,A1,2,5,1,4893590999088,1795689,true,265745,1eeadb414471c8f89207118baad01d1a9ec7b05306df0482a79d92d2c615fa99,parallel-7
A,A1,2,6,1,4893593107136,1068459,true,265745,1eeadb414471c8f89207118baad01d1a9ec7b05306df0482a79d92d2c615fa99,parallel-9
A,A1,2,6,0,4893593043829,1890857,true,265745,1eeadb414471c8f89207118baad01d1a9ec7b05306df0482a79d92d2c615fa99,parallel-8
A,A1,2,7,1,4893595423483,1340640,true,265745,1eeadb414471c8f89207118baad01d1a9ec7b05306df0482a79d92d2c615fa99,parallel-11
A,A1,2,7,0,4893595371191,2398426,true,265745,1eeadb414471c8f89207118baad01d1a9ec7b05306df0482a79d92d2c615fa99,parallel-10
A,A1,2,8,1,4893598112248,1241201,true,265745,1eeadb414471c8f89207118baad01d1a9ec7b05306df0482a79d92d2c615fa99,parallel-13
A,A1,2,8,0,4893598140538,2285137,true,265745,1eeadb414471c8f89207118baad01d1a9ec7b05306df0482a79d92d2c615fa99,parallel-12
A,A1,2,9,0,4893600883628,1485394,true,265745,1eeadb414471c8f89207118baad01d1a9ec7b05306df0482a79d92d2c615fa99,parallel-14
A,A1,2,9,1,4893600937362,1791877,true,265745,1eeadb414471c8f89207118baad01d1a9ec7b05306df0482a79d92d2c615fa99,parallel-15
A,A1,2,10,0,4893603068333,1008052,true,265745,1eeadb414471c8f89207118baad01d1a9ec7b05306df0482a79d92d2c615fa99,parallel-16
A,A1,2,10,1,4893603123893,1801129,true,265745,1eeadb414471c8f89207118baad01d1a9ec7b05306df0482a79d92d2c615fa99,parallel-1
A,A1,2,11,0,4893605268915,1113315,true,265745,1eeadb414471c8f89207118baad01d1a9ec7b05306df0482a79d92d2c615fa99,parallel-2
A,A1,2,11,1,4893605336570,1057957,true,265745,1eeadb414471c8f89207118baad01d1a9ec7b05306df0482a79d92d2c615fa99,parallel-3
A,A1,2,12,0,4893651535617,1676579,true,265745,1eeadb414471c8f89207118baad01d1a9ec7b05306df0482a79d92d2c615fa99,parallel-4
A,A1,2,12,1,4893651561571,2019605,true,265745,1eeadb414471c8f89207118baad01d1a9ec7b05306df0482a79d92d2c615fa99,parallel-5
A,A1,2,13,1,4893654048231,1415474,true,265745,1eeadb414471c8f89207118baad01d1a9ec7b05306df0482a79d92d2c615fa99,parallel-7
A,A1,2,13,0,4893654018226,1850545,true,265745,1eeadb414471c8f89207118baad01d1a9ec7b05306df0482a79d92d2c615fa99,parallel-6
A,A1,4,4,3,4893665836933,1341412,true,265745,1eeadb414471c8f89207118baad01d1a9ec7b05306df0482a79d92d2c615fa99,parallel-7
A,A1,4,4,2,4893665814178,1785232,true,265745,1eeadb414471c8f89207118baad01d1a9ec7b05306df0482a79d92d2c615fa99,parallel-6
A,A1,4,4,0,4893665696347,2133374,true,265745,1eeadb414471c8f89207118baad01d1a9ec7b05306df0482a79d92d2c615fa99,parallel-4
A,A1,4,4,1,4893665705276,2139070,true,265745,1eeadb414471c8f89207118baad01d1a9ec7b05306df0482a79d92d2c615fa99,parallel-5
A,A1,4,5,0,4893667986567,1511083,true,265745,1eeadb414471c8f89207118baad01d1a9ec7b05306df0482a79d92d2c615fa99,parallel-8
A,A1,4,5,3,4893668063058,1466801,true,265745,1eeadb414471c8f89207118baad01d1a9ec7b05306df0482a79d92d2c615fa99,parallel-11
A,A1,4,5,1,4893668090456,1445742,true,265745,1eeadb414471c8f89207118baad01d1a9ec7b05306df0482a79d92d2c615fa99,parallel-9
A,A1,4,5,2,4893668091431,2132360,true,265745,1eeadb414471c8f89207118baad01d1a9ec7b05306df0482a79d92d2c615fa99,parallel-10
A,A1,4,6,2,4893670431275,1169087,true,265745,1eeadb414471c8f89207118baad01d1a9ec7b05306df0482a79d92d2c615fa99,parallel-14
A,A1,4,6,1,4893670437891,1624627,true,265745,1eeadb414471c8f89207118baad01d1a9ec7b05306df0482a79d92d2c615fa99,parallel-13
A,A1,4,6,0,4893670351152,2087083,true,265745,1eeadb414471c8f89207118baad01d1a9ec7b05306df0482a79d92d2c615fa99,parallel-12
A,A1,4,6,3,4893670705840,1748227,true,265745,1eeadb414471c8f89207118baad01d1a9ec7b05306df0482a79d92d2c615fa99,parallel-15
A,A1,4,7,0,4893672582527,1037962,true,265745,1eeadb414471c8f89207118baad01d1a9ec7b05306df0482a79d92d2c615fa99,parallel-16
A,A1,4,7,2,4893672604807,1418408,true,265745,1eeadb414471c8f89207118baad01d1a9ec7b05306df0482a79d92d2c615fa99,parallel-2
A,A1,4,7,3,4893672663971,1384239,true,265745,1eeadb414471c8f89207118baad01d1a9ec7b05306df0482a79d92d2c615fa99,parallel-3
A,A1,4,7,1,4893672593082,1456961,true,265745,1eeadb414471c8f89207118baad01d1a9ec7b05306df0482a79d92d2c615fa99,parallel-1
A,A1,4,8,0,4893674612821,1068686,true,265745,1eeadb414471c8f89207118baad01d1a9ec7b05306df0482a79d92d2c615fa99,parallel-4
A,A1,4,8,1,4893674634053,1393037,true,265745,1eeadb414471c8f89207118baad01d1a9ec7b05306df0482a79d92d2c615fa99,parallel-5
A,A1,4,8,2,4893674671698,1665930,true,265745,1eeadb414471c8f89207118baad01d1a9ec7b05306df0482a79d92d2c615fa99,parallel-6
A,A1,4,8,3,4893674668788,1689044,true,265745,1eeadb414471c8f89207118baad01d1a9ec7b05306df0482a79d92d2c615fa99,parallel-7
A,A1,4,9,1,4893676474203,949252,true,265745,1eeadb414471c8f89207118baad01d1a9ec7b05306df0482a79d92d2c615fa99,parallel-9
A,A1,4,9,0,4893676465363,1456575,true,265745,1eeadb414471c8f89207118baad01d1a9ec7b05306df0482a79d92d2c615fa99,parallel-8
A,A1,4,9,2,4893676482450,1764980,true,265745,1eeadb414471c8f89207118baad01d1a9ec7b05306df0482a79d92d2c615fa99,parallel-10
A,A1,4,9,3,4893676501380,1872045,true,265745,1eeadb414471c8f89207118baad01d1a9ec7b05306df0482a79d92d2c615fa99,parallel-11
A,A1,4,10,0,4893678531986,940421,true,265745,1eeadb414471c8f89207118baad01d1a9ec7b05306df0482a79d92d2c615fa99,parallel-12
A,A1,4,10,2,4893678587642,1214004,true,265745,1eeadb414471c8f89207118baad01d1a9ec7b05306df0482a79d92d2c615fa99,parallel-14
A,A1,4,10,1,4893678573995,1419489,true,265745,1eeadb414471c8f89207118baad01d1a9ec7b05306df0482a79d92d2c615fa99,parallel-13
A,A1,4,10,3,4893678652783,1380801,true,265745,1eeadb414471c8f89207118baad01d1a9ec7b05306df0482a79d92d2c615fa99,parallel-15
A,A1,4,11,2,4893680151860,1129263,true,265745,1eeadb414471c8f89207118baad01d1a9ec7b05306df0482a79d92d2c615fa99,parallel-2
A,A1,4,11,0,4893680134110,1176179,true,265745,1eeadb414471c8f89207118baad01d1a9ec7b05306df0482a79d92d2c615fa99,parallel-16
A,A1,4,11,1,4893680142150,1540261,true,265745,1eeadb414471c8f89207118baad01d1a9ec7b05306df0482a79d92d2c615fa99,parallel-1
A,A1,4,11,3,4893680198298,1616474,true,265745,1eeadb414471c8f89207118baad01d1a9ec7b05306df0482a79d92d2c615fa99,parallel-3
A,A1,4,12,2,4893681933147,1036159,true,265745,1eeadb414471c8f89207118baad01d1a9ec7b05306df0482a79d92d2c615fa99,parallel-6
A,A1,4,12,0,4893681916656,1052574,true,265745,1eeadb414471c8f89207118baad01d1a9ec7b05306df0482a79d92d2c615fa99,parallel-4
A,A1,4,12,1,4893681926657,1336618,true,265745,1eeadb414471c8f89207118baad01d1a9ec7b05306df0482a79d92d2c615fa99,parallel-5
A,A1,4,12,3,4893682096619,1188938,true,265745,1eeadb414471c8f89207118baad01d1a9ec7b05306df0482a79d92d2c615fa99,parallel-7
A,A1,4,13,1,4893683608405,1116546,true,265745,1eeadb414471c8f89207118baad01d1a9ec7b05306df0482a79d92d2c615fa99,parallel-9
A,A1,4,13,2,4893683597345,1602600,true,265745,1eeadb414471c8f89207118baad01d1a9ec7b05306df0482a79d92d2c615fa99,parallel-10
A,A1,4,13,3,4893683650856,1941655,true,265745,1eeadb414471c8f89207118baad01d1a9ec7b05306df0482a79d92d2c615fa99,parallel-11
A,A1,4,13,0,4893683577314,2030394,true,265745,1eeadb414471c8f89207118baad01d1a9ec7b05306df0482a79d92d2c615fa99,parallel-8
A,A1,8,4,1,4893702048409,334306,true,265745,1eeadb414471c8f89207118baad01d1a9ec7b05306df0482a79d92d2c615fa99,parallel-5
A,A1,8,4,6,4893702133513,303135,true,265745,1eeadb414471c8f89207118baad01d1a9ec7b05306df0482a79d92d2c615fa99,parallel-10
A,A1,8,4,0,4893702016408,854372,true,265745,1eeadb414471c8f89207118baad01d1a9ec7b05306df0482a79d92d2c615fa99,parallel-4
A,A1,8,4,7,4893702338606,845215,true,265745,1eeadb414471c8f89207118baad01d1a9ec7b05306df0482a79d92d2c615fa99,parallel-11
A,A1,8,4,2,4893702044391,1157835,true,265745,1eeadb414471c8f89207118baad01d1a9ec7b05306df0482a79d92d2c615fa99,parallel-6
A,A1,8,4,3,4893702077207,1284268,true,265745,1eeadb414471c8f89207118baad01d1a9ec7b05306df0482a79d92d2c615fa99,parallel-7
A,A1,8,4,5,4893703069811,575727,true,265745,1eeadb414471c8f89207118baad01d1a9ec7b05306df0482a79d92d2c615fa99,parallel-9
A,A1,8,4,4,4893703184452,513630,true,265745,1eeadb414471c8f89207118baad01d1a9ec7b05306df0482a79d92d2c615fa99,parallel-8
A,A1,8,5,1,4893703867590,311845,true,265745,1eeadb414471c8f89207118baad01d1a9ec7b05306df0482a79d92d2c615fa99,parallel-13
A,A1,8,5,3,4893703901528,347923,true,265745,1eeadb414471c8f89207118baad01d1a9ec7b05306df0482a79d92d2c615fa99,parallel-15
A,A1,8,5,0,4893703896830,308204,true,265745,1eeadb414471c8f89207118baad01d1a9ec7b05306df0482a79d92d2c615fa99,parallel-12
A,A1,8,5,4,4893704231137,991611,true,265745,1eeadb414471c8f89207118baad01d1a9ec7b05306df0482a79d92d2c615fa99,parallel-16
A,A1,8,5,5,4893704245458,1015794,true,265745,1eeadb414471c8f89207118baad01d1a9ec7b05306df0482a79d92d2c615fa99,parallel-1
A,A1,8,5,7,4893704293886,1406220,true,265745,1eeadb414471c8f89207118baad01d1a9ec7b05306df0482a79d92d2c615fa99,parallel-3
A,A1,8,5,6,4893705162600,769896,true,265745,1eeadb414471c8f89207118baad01d1a9ec7b05306df0482a79d92d2c615fa99,parallel-2
A,A1,8,5,2,4893704211776,1753908,true,265745,1eeadb414471c8f89207118baad01d1a9ec7b05306df0482a79d92d2c615fa99,parallel-14
A,A1,8,6,0,4893706143506,452717,true,265745,1eeadb414471c8f89207118baad01d1a9ec7b05306df0482a79d92d2c615fa99,parallel-4
A,A1,8,6,1,4893706143779,475913,true,265745,1eeadb414471c8f89207118baad01d1a9ec7b05306df0482a79d92d2c615fa99,parallel-5
A,A1,8,6,3,4893706191163,444848,true,265745,1eeadb414471c8f89207118baad01d1a9ec7b05306df0482a79d92d2c615fa99,parallel-7
A,A1,8,6,5,4893706314739,336796,true,265745,1eeadb414471c8f89207118baad01d1a9ec7b05306df0482a79d92d2c615fa99,parallel-9
A,A1,8,6,2,4893706232794,923444,true,265745,1eeadb414471c8f89207118baad01d1a9ec7b05306df0482a79d92d2c615fa99,parallel-6
A,A1,8,6,4,4893706288285,1618503,true,265745,1eeadb414471c8f89207118baad01d1a9ec7b05306df0482a79d92d2c615fa99,parallel-8
A,A1,8,6,6,4893706650712,1301677,true,265745,1eeadb414471c8f89207118baad01d1a9ec7b05306df0482a79d92d2c615fa99,parallel-10
A,A1,8,6,7,4893707186692,803049,true,265745,1eeadb414471c8f89207118baad01d1a9ec7b05306df0482a79d92d2c615fa99,parallel-11
A,A1,8,7,0,4893708147318,395915,true,265745,1eeadb414471c8f89207118baad01d1a9ec7b05306df0482a79d92d2c615fa99,parallel-12
A,A1,8,7,1,4893708149983,394760,true,265745,1eeadb414471c8f89207118baad01d1a9ec7b05306df0482a79d92d2c615fa99,parallel-13
A,A1,8,7,4,4893708299412,319804,true,265745,1eeadb414471c8f89207118baad01d1a9ec7b05306df0482a79d92d2c615fa99,parallel-16
A,A1,8,7,6,4893708596678,929237,true,265745,1eeadb414471c8f89207118baad01d1a9ec7b05306df0482a79d92d2c615fa99,parallel-2
A,A1,8,7,2,4893708204926,1343690,true,265745,1eeadb414471c8f89207118baad01d1a9ec7b05306df0482a79d92d2c615fa99,parallel-14
A,A1,8,7,3,4893708243001,1897569,true,265745,1eeadb414471c8f89207118baad01d1a9ec7b05306df0482a79d92d2c615fa99,parallel-15
A,A1,8,7,5,4893708588153,1611624,true,265745,1eeadb414471c8f89207118baad01d1a9ec7b05306df0482a79d92d2c615fa99,parallel-1
A,A1,8,7,7,4893708606340,1407681,true,265745,1eeadb414471c8f89207118baad01d1a9ec7b05306df0482a79d92d2c615fa99,parallel-3
A,A1,8,8,1,4893710366304,308411,true,265745,1eeadb414471c8f89207118baad01d1a9ec7b05306df0482a79d92d2c615fa99,parallel-5
A,A1,8,8,7,4893710518682,925177,true,265745,1eeadb414471c8f89207118baad01d1a9ec7b05306df0482a79d92d2c615fa99,parallel-11
A,A1,8,8,6,4893710497311,1450181,true,265745,1eeadb414471c8f89207118baad01d1a9ec7b05306df0482a79d92d2c615fa99,parallel-10
A,A1,8,8,5,4893710550570,1421412,true,265745,1eeadb414471c8f89207118baad01d1a9ec7b05306df0482a79d92d2c615fa99,parallel-9
A,A1,8,8,3,4893710475610,1550610,true,265745,1eeadb414471c8f89207118baad01d1a9ec7b05306df0482a79d92d2c615fa99,parallel-7
A,A1,8,8,0,4893710406428,1665753,true,265745,1eeadb414471c8f89207118baad01d1a9ec7b05306df0482a79d92d2c615fa99,parallel-4
A,A1,8,8,2,4893710441455,1694723,true,265745,1eeadb414471c8f89207118baad01d1a9ec7b05306df0482a79d92d2c615fa99,parallel-6
A,A1,8,8,4,4893710431106,1931513,true,265745,1eeadb414471c8f89207118baad01d1a9ec7b05306df0482a79d92d2c615fa99,parallel-8
A,A1,8,9,0,4893712517275,383841,true,265745,1eeadb414471c8f89207118baad01d1a9ec7b05306df0482a79d92d2c615fa99,parallel-12
A,A1,8,9,2,4893712566691,914333,true,265745,1eeadb414471c8f89207118baad01d1a9ec7b05306df0482a79d92d2c615fa99,parallel-14
A,A1,8,9,4,4893712637390,373067,true,265745,1eeadb414471c8f89207118baad01d1a9ec7b05306df0482a79d92d2c615fa99,parallel-16
A,A1,8,9,5,4893712589652,323041,true,265745,1eeadb414471c8f89207118baad01d1a9ec7b05306df0482a79d92d2c615fa99,parallel-1
A,A1,8,9,6,4893712648341,343847,true,265745,1eeadb414471c8f89207118baad01d1a9ec7b05306df0482a79d92d2c615fa99,parallel-2
A,A1,8,9,1,4893712573062,1108253,true,265745,1eeadb414471c8f89207118baad01d1a9ec7b05306df0482a79d92d2c615fa99,parallel-13
A,A1,8,9,3,4893712600617,1401953,true,265745,1eeadb414471c8f89207118baad01d1a9ec7b05306df0482a79d92d2c615fa99,parallel-15
A,A1,8,9,7,4893712956556,1154341,true,265745,1eeadb414471c8f89207118baad01d1a9ec7b05306df0482a79d92d2c615fa99,parallel-3
A,A1,8,10,2,4893714306526,377880,true,265745,1eeadb414471c8f89207118baad01d1a9ec7b05306df0482a79d92d2c615fa99,parallel-6
A,A1,8,10,0,4893714306448,390297,true,265745,1eeadb414471c8f89207118baad01d1a9ec7b05306df0482a79d92d2c615fa99,parallel-4
A,A1,8,10,6,4893714401255,963774,true,265745,1eeadb414471c8f89207118baad01d1a9ec7b05306df0482a79d92d2c615fa99,parallel-10
A,A1,8,10,1,4893714308610,1426245,true,265745,1eeadb414471c8f89207118baad01d1a9ec7b05306df0482a79d92d2c615fa99,parallel-5
A,A1,8,10,3,4893714359849,1577273,true,265745,1eeadb414471c8f89207118baad01d1a9ec7b05306df0482a79d92d2c615fa99,parallel-7
A,A1,8,10,4,4893714391924,1663184,true,265745,1eeadb414471c8f89207118baad01d1a9ec7b05306df0482a79d92d2c615fa99,parallel-8
A,A1,8,10,5,4893714462115,1722610,true,265745,1eeadb414471c8f89207118baad01d1a9ec7b05306df0482a79d92d2c615fa99,parallel-9
A,A1,8,10,7,4893714403890,1842366,true,265745,1eeadb414471c8f89207118baad01d1a9ec7b05306df0482a79d92d2c615fa99,parallel-11
A,A1,8,11,0,4893716420159,323942,true,265745,1eeadb414471c8f89207118baad01d1a9ec7b05306df0482a79d92d2c615fa99,parallel-12
A,A1,8,11,4,4893716570456,308607,true,265745,1eeadb414471c8f89207118baad01d1a9ec7b05306df0482a79d92d2c615fa99,parallel-16
A,A1,8,11,2,4893716468356,1668056,true,265745,1eeadb414471c8f89207118baad01d1a9ec7b05306df0482a79d92d2c615fa99,parallel-14
A,A1,8,11,5,4893716635243,1677392,true,265745,1eeadb414471c8f89207118baad01d1a9ec7b05306df0482a79d92d2c615fa99,parallel-1
A,A1,8,11,7,4893716709149,1672787,true,265745,1eeadb414471c8f89207118baad01d1a9ec7b05306df0482a79d92d2c615fa99,parallel-3
A,A1,8,11,6,4893716661285,2071994,true,265745,1eeadb414471c8f89207118baad01d1a9ec7b05306df0482a79d92d2c615fa99,parallel-2
A,A1,8,11,1,4893716430903,2338759,true,265745,1eeadb414471c8f89207118baad01d1a9ec7b05306df0482a79d92d2c615fa99,parallel-13
A,A1,8,11,3,4893716496513,2288858,true,265745,1eeadb414471c8f89207118baad01d1a9ec7b05306df0482a79d92d2c615fa99,parallel-15
A,A1,8,12,0,4893718994093,295211,true,265745,1eeadb414471c8f89207118baad01d1a9ec7b05306df0482a79d92d2c615fa99,parallel-4
A,A1,8,12,7,4893719144381,1177149,true,265745,1eeadb414471c8f89207118baad01d1a9ec7b05306df0482a79d92d2c615fa99,parallel-11
A,A1,8,12,2,4893719075095,1320020,true,265745,1eeadb414471c8f89207118baad01d1a9ec7b05306df0482a79d92d2c615fa99,parallel-6
A,A1,8,12,4,4893719247186,1890527,true,265745,1eeadb414471c8f89207118baad01d1a9ec7b05306df0482a79d92d2c615fa99,parallel-8
A,A1,8,12,1,4893719059033,2076012,true,265745,1eeadb414471c8f89207118baad01d1a9ec7b05306df0482a79d92d2c615fa99,parallel-5
A,A1,8,12,3,4893719137930,2068400,true,265745,1eeadb414471c8f89207118baad01d1a9ec7b05306df0482a79d92d2c615fa99,parallel-7
A,A1,8,12,6,4893719156645,2273637,true,265745,1eeadb414471c8f89207118baad01d1a9ec7b05306df0482a79d92d2c615fa99,parallel-10
A,A1,8,12,5,4893719247048,2353578,true,265745,1eeadb414471c8f89207118baad01d1a9ec7b05306df0482a79d92d2c615fa99,parallel-9
A,A1,8,13,5,4893721932893,377216,true,265745,1eeadb414471c8f89207118baad01d1a9ec7b05306df0482a79d92d2c615fa99,parallel-1
A,A1,8,13,7,4893722121720,301610,true,265745,1eeadb414471c8f89207118baad01d1a9ec7b05306df0482a79d92d2c615fa99,parallel-3
A,A1,8,13,3,4893721903810,711473,true,265745,1eeadb414471c8f89207118baad01d1a9ec7b05306df0482a79d92d2c615fa99,parallel-15
A,A1,8,13,0,4893721806608,1677541,true,265745,1eeadb414471c8f89207118baad01d1a9ec7b05306df0482a79d92d2c615fa99,parallel-12
A,A1,8,13,6,4893721989188,2064524,true,265745,1eeadb414471c8f89207118baad01d1a9ec7b05306df0482a79d92d2c615fa99,parallel-2
A,A1,8,13,1,4893721791559,2364103,true,265745,1eeadb414471c8f89207118baad01d1a9ec7b05306df0482a79d92d2c615fa99,parallel-13
A,A1,8,13,4,4893721915014,2294095,true,265745,1eeadb414471c8f89207118baad01d1a9ec7b05306df0482a79d92d2c615fa99,parallel-16
A,A1,8,13,2,4893721886523,2342762,true,265745,1eeadb414471c8f89207118baad01d1a9ec7b05306df0482a79d92d2c615fa99,parallel-14
B,B1,1,4,0,4893727712769,484196,true,265745,1eeadb414471c8f89207118baad01d1a9ec7b05306df0482a79d92d2c615fa99,exp154-decode-20
B,B1,1,5,0,4893728590905,363919,true,265745,1eeadb414471c8f89207118baad01d1a9ec7b05306df0482a79d92d2c615fa99,exp154-decode-21
B,B1,1,6,0,4893729336584,327058,true,265745,1eeadb414471c8f89207118baad01d1a9ec7b05306df0482a79d92d2c615fa99,exp154-decode-22
B,B1,1,7,0,4893730006425,347411,true,265745,1eeadb414471c8f89207118baad01d1a9ec7b05306df0482a79d92d2c615fa99,exp154-decode-23
B,B1,1,8,0,4893730769178,514551,true,265745,1eeadb414471c8f89207118baad01d1a9ec7b05306df0482a79d92d2c615fa99,exp154-decode-24
B,B1,1,9,0,4893731704308,346693,true,265745,1eeadb414471c8f89207118baad01d1a9ec7b05306df0482a79d92d2c615fa99,exp154-decode-25
B,B1,1,10,0,4893732491862,310805,true,265745,1eeadb414471c8f89207118baad01d1a9ec7b05306df0482a79d92d2c615fa99,exp154-decode-26
B,B1,1,11,0,4893733149316,395662,true,265745,1eeadb414471c8f89207118baad01d1a9ec7b05306df0482a79d92d2c615fa99,exp154-decode-27
B,B1,1,12,0,4893733982591,457603,true,265745,1eeadb414471c8f89207118baad01d1a9ec7b05306df0482a79d92d2c615fa99,exp154-decode-28
B,B1,1,13,0,4893734815793,484011,true,265745,1eeadb414471c8f89207118baad01d1a9ec7b05306df0482a79d92d2c615fa99,exp154-decode-29
B,B1,2,4,0,4893738669183,334807,true,265745,1eeadb414471c8f89207118baad01d1a9ec7b05306df0482a79d92d2c615fa99,exp154-decode-20
B,B1,2,4,1,4893738693332,411218,true,265745,1eeadb414471c8f89207118baad01d1a9ec7b05306df0482a79d92d2c615fa99,exp154-decode-21
B,B1,2,5,1,4893739365077,414501,true,265745,1eeadb414471c8f89207118baad01d1a9ec7b05306df0482a79d92d2c615fa99,exp154-decode-23
B,B1,2,5,0,4893739264898,527018,true,265745,1eeadb414471c8f89207118baad01d1a9ec7b05306df0482a79d92d2c615fa99,exp154-decode-22
B,B1,2,6,1,4893739951547,368408,true,265745,1eeadb414471c8f89207118baad01d1a9ec7b05306df0482a79d92d2c615fa99,exp154-decode-25
B,B1,2,6,0,4893739997691,642505,true,265745,1eeadb414471c8f89207118baad01d1a9ec7b05306df0482a79d92d2c615fa99,exp154-decode-24
B,B1,2,7,1,4893740816303,496916,true,265745,1eeadb414471c8f89207118baad01d1a9ec7b05306df0482a79d92d2c615fa99,exp154-decode-27
B,B1,2,7,0,4893740886231,657456,true,265745,1eeadb414471c8f89207118baad01d1a9ec7b05306df0482a79d92d2c615fa99,exp154-decode-26
B,B1,2,8,0,4893741687484,426291,true,265745,1eeadb414471c8f89207118baad01d1a9ec7b05306df0482a79d92d2c615fa99,exp154-decode-28
B,B1,2,8,1,4893741717583,401076,true,265745,1eeadb414471c8f89207118baad01d1a9ec7b05306df0482a79d92d2c615fa99,exp154-decode-29
B,B1,2,9,0,4893742259539,7442555,true,265745,1eeadb414471c8f89207118baad01d1a9ec7b05306df0482a79d92d2c615fa99,exp154-decode-30
B,B1,2,9,1,4893742598803,7184456,true,265745,1eeadb414471c8f89207118baad01d1a9ec7b05306df0482a79d92d2c615fa99,exp154-decode-31
B,B1,2,10,1,4893749991747,320252,true,265745,1eeadb414471c8f89207118baad01d1a9ec7b05306df0482a79d92d2c615fa99,exp154-decode-17
B,B1,2,10,0,4893749970707,348386,true,265745,1eeadb414471c8f89207118baad01d1a9ec7b05306df0482a79d92d2c615fa99,exp154-decode-32
B,B1,2,11,0,4893750449995,322589,true,265745,1eeadb414471c8f89207118baad01d1a9ec7b05306df0482a79d92d2c615fa99,exp154-decode-18
B,B1,2,11,1,4893750565947,397576,true,265745,1eeadb414471c8f89207118baad01d1a9ec7b05306df0482a79d92d2c615fa99,exp154-decode-19
B,B1,2,12,0,4893751127722,285692,true,265745,1eeadb414471c8f89207118baad01d1a9ec7b05306df0482a79d92d2c615fa99,exp154-decode-20
B,B1,2,12,1,4893751158337,309950,true,265745,1eeadb414471c8f89207118baad01d1a9ec7b05306df0482a79d92d2c615fa99,exp154-decode-21
B,B1,2,13,0,4893751567379,323910,true,265745,1eeadb414471c8f89207118baad01d1a9ec7b05306df0482a79d92d2c615fa99,exp154-decode-22
B,B1,2,13,1,4893751660189,322413,true,265745,1eeadb414471c8f89207118baad01d1a9ec7b05306df0482a79d92d2c615fa99,exp154-decode-23
B,B1,4,4,0,4893756842013,320705,true,265745,1eeadb414471c8f89207118baad01d1a9ec7b05306df0482a79d92d2c615fa99,exp154-decode-20
B,B1,4,4,3,4893756908630,301534,true,265745,1eeadb414471c8f89207118baad01d1a9ec7b05306df0482a79d92d2c615fa99,exp154-decode-23
B,B1,4,4,1,4893756860175,478342,true,265745,1eeadb414471c8f89207118baad01d1a9ec7b05306df0482a79d92d2c615fa99,exp154-decode-21
B,B1,4,4,2,4893756918459,1424769,true,265745,1eeadb414471c8f89207118baad01d1a9ec7b05306df0482a79d92d2c615fa99,exp154-decode-22
B,B1,4,5,0,4893758499594,338241,true,265745,1eeadb414471c8f89207118baad01d1a9ec7b05306df0482a79d92d2c615fa99,exp154-decode-24
B,B1,4,5,1,4893758553365,331779,true,265745,1eeadb414471c8f89207118baad01d1a9ec7b05306df0482a79d92d2c615fa99,exp154-decode-25
B,B1,4,5,3,4893758574478,318062,true,265745,1eeadb414471c8f89207118baad01d1a9ec7b05306df0482a79d92d2c615fa99,exp154-decode-27
B,B1,4,5,2,4893758704661,490079,true,265745,1eeadb414471c8f89207118baad01d1a9ec7b05306df0482a79d92d2c615fa99,exp154-decode-26
B,B1,4,6,1,4893759433059,299048,true,265745,1eeadb414471c8f89207118baad01d1a9ec7b05306df0482a79d92d2c615fa99,exp154-decode-29
B,B1,4,6,2,4893759963845,354577,true,265745,1eeadb414471c8f89207118baad01d1a9ec7b05306df0482a79d92d2c615fa99,exp154-decode-30
B,B1,4,6,0,4893759810682,761051,true,265745,1eeadb414471c8f89207118baad01d1a9ec7b05306df0482a79d92d2c615fa99,exp154-decode-28
B,B1,4,6,3,4893759568966,1181532,true,265745,1eeadb414471c8f89207118baad01d1a9ec7b05306df0482a79d92d2c615fa99,exp154-decode-31
B,B1,4,7,0,4893760888875,313585,true,265745,1eeadb414471c8f89207118baad01d1a9ec7b05306df0482a79d92d2c615fa99,exp154-decode-32
B,B1,4,7,2,4893760936903,322006,true,265745,1eeadb414471c8f89207118baad01d1a9ec7b05306df0482a79d92d2c615fa99,exp154-decode-18
B,B1,4,7,1,4893761290072,401553,true,265745,1eeadb414471c8f89207118baad01d1a9ec7b05306df0482a79d92d2c615fa99,exp154-decode-17
B,B1,4,7,3,4893761118514,1188254,true,265745,1eeadb414471c8f89207118baad01d1a9ec7b05306df0482a79d92d2c615fa99,exp154-decode-19
B,B1,4,8,2,4893762598503,351630,true,265745,1eeadb414471c8f89207118baad01d1a9ec7b05306df0482a79d92d2c615fa99,exp154-decode-22
B,B1,4,8,1,4893762588902,391641,true,265745,1eeadb414471c8f89207118baad01d1a9ec7b05306df0482a79d92d2c615fa99,exp154-decode-21
B,B1,4,8,3,4893762616825,386671,true,265745,1eeadb414471c8f89207118baad01d1a9ec7b05306df0482a79d92d2c615fa99,exp154-decode-23
B,B1,4,8,0,4893762559501,603801,true,265745,1eeadb414471c8f89207118baad01d1a9ec7b05306df0482a79d92d2c615fa99,exp154-decode-20
B,B1,4,9,0,4893763284970,290981,true,265745,1eeadb414471c8f89207118baad01d1a9ec7b05306df0482a79d92d2c615fa99,exp154-decode-24
B,B1,4,9,1,4893763396530,353401,true,265745,1eeadb414471c8f89207118baad01d1a9ec7b05306df0482a79d92d2c615fa99,exp154-decode-25
B,B1,4,9,3,4893763781456,1029819,true,265745,1eeadb414471c8f89207118baad01d1a9ec7b05306df0482a79d92d2c615fa99,exp154-decode-27
B,B1,4,9,2,4893763705086,1319261,true,265745,1eeadb414471c8f89207118baad01d1a9ec7b05306df0482a79d92d2c615fa99,exp154-decode-26
B,B1,4,10,2,4893765368848,1141082,true,265745,1eeadb414471c8f89207118baad01d1a9ec7b05306df0482a79d92d2c615fa99,exp154-decode-30
B,B1,4,10,1,4893765656883,1040813,true,265745,1eeadb414471c8f89207118baad01d1a9ec7b05306df0482a79d92d2c615fa99,exp154-decode-29
B,B1,4,10,0,4893765622353,1482269,true,265745,1eeadb414471c8f89207118baad01d1a9ec7b05306df0482a79d92d2c615fa99,exp154-decode-28
B,B1,4,10,3,4893765783647,1744564,true,265745,1eeadb414471c8f89207118baad01d1a9ec7b05306df0482a79d92d2c615fa99,exp154-decode-31
B,B1,4,11,2,4893767808532,368447,true,265745,1eeadb414471c8f89207118baad01d1a9ec7b05306df0482a79d92d2c615fa99,exp154-decode-18
B,B1,4,11,0,4893767777629,401367,true,265745,1eeadb414471c8f89207118baad01d1a9ec7b05306df0482a79d92d2c615fa99,exp154-decode-32
B,B1,4,11,1,4893767945030,537416,true,265745,1eeadb414471c8f89207118baad01d1a9ec7b05306df0482a79d92d2c615fa99,exp154-decode-17
B,B1,4,11,3,4893767882010,636247,true,265745,1eeadb414471c8f89207118baad01d1a9ec7b05306df0482a79d92d2c615fa99,exp154-decode-19
B,B1,4,12,2,4893768845889,288646,true,265745,1eeadb414471c8f89207118baad01d1a9ec7b05306df0482a79d92d2c615fa99,exp154-decode-22
B,B1,4,12,3,4893769135225,301972,true,265745,1eeadb414471c8f89207118baad01d1a9ec7b05306df0482a79d92d2c615fa99,exp154-decode-23
B,B1,4,12,1,4893768856935,1237442,true,265745,1eeadb414471c8f89207118baad01d1a9ec7b05306df0482a79d92d2c615fa99,exp154-decode-21
B,B1,4,12,0,4893769578931,673498,true,265745,1eeadb414471c8f89207118baad01d1a9ec7b05306df0482a79d92d2c615fa99,exp154-decode-20
B,B1,4,13,1,4893770523936,308910,true,265745,1eeadb414471c8f89207118baad01d1a9ec7b05306df0482a79d92d2c615fa99,exp154-decode-25
B,B1,4,13,0,4893770505340,584788,true,265745,1eeadb414471c8f89207118baad01d1a9ec7b05306df0482a79d92d2c615fa99,exp154-decode-24
B,B1,4,13,2,4893770900740,584688,true,265745,1eeadb414471c8f89207118baad01d1a9ec7b05306df0482a79d92d2c615fa99,exp154-decode-26
B,B1,4,13,3,4893770702727,951081,true,265745,1eeadb414471c8f89207118baad01d1a9ec7b05306df0482a79d92d2c615fa99,exp154-decode-27
B,B1,8,4,1,4893776925780,349645,true,265745,1eeadb414471c8f89207118baad01d1a9ec7b05306df0482a79d92d2c615fa99,exp154-decode-21
B,B1,8,4,5,4893776978785,437605,true,265745,1eeadb414471c8f89207118baad01d1a9ec7b05306df0482a79d92d2c615fa99,exp154-decode-25
B,B1,8,4,0,4893776978767,437896,true,265745,1eeadb414471c8f89207118baad01d1a9ec7b05306df0482a79d92d2c615fa99,exp154-decode-20
B,B1,8,4,7,4893777012874,709424,true,265745,1eeadb414471c8f89207118baad01d1a9ec7b05306df0482a79d92d2c615fa99,exp154-decode-27
B,B1,8,4,3,4893777354933,396049,true,265745,1eeadb414471c8f89207118baad01d1a9ec7b05306df0482a79d92d2c615fa99,exp154-decode-23
B,B1,8,4,4,4893777450299,424841,true,265745,1eeadb414471c8f89207118baad01d1a9ec7b05306df0482a79d92d2c615fa99,exp154-decode-24
B,B1,8,4,2,4893777480397,529887,true,265745,1eeadb414471c8f89207118baad01d1a9ec7b05306df0482a79d92d2c615fa99,exp154-decode-22
B,B1,8,4,6,4893777168660,879821,true,265745,1eeadb414471c8f89207118baad01d1a9ec7b05306df0482a79d92d2c615fa99,exp154-decode-26
B,B1,8,5,4,4893778335780,305610,true,265745,1eeadb414471c8f89207118baad01d1a9ec7b05306df0482a79d92d2c615fa99,exp154-decode-32
B,B1,8,5,7,4893778398620,494629,true,265745,1eeadb414471c8f89207118baad01d1a9ec7b05306df0482a79d92d2c615fa99,exp154-decode-19
B,B1,8,5,3,4893778668223,571665,true,265745,1eeadb414471c8f89207118baad01d1a9ec7b05306df0482a79d92d2c615fa99,exp154-decode-31
B,B1,8,5,6,4893778443551,811469,true,265745,1eeadb414471c8f89207118baad01d1a9ec7b05306df0482a79d92d2c615fa99,exp154-decode-18
B,B1,8,5,2,4893778446202,828518,true,265745,1eeadb414471c8f89207118baad01d1a9ec7b05306df0482a79d92d2c615fa99,exp154-decode-30
B,B1,8,5,1,4893778609884,753849,true,265745,1eeadb414471c8f89207118baad01d1a9ec7b05306df0482a79d92d2c615fa99,exp154-decode-29
B,B1,8,5,0,4893778660385,882770,true,265745,1eeadb414471c8f89207118baad01d1a9ec7b05306df0482a79d92d2c615fa99,exp154-decode-28
B,B1,8,5,5,4893778665747,1003907,true,265745,1eeadb414471c8f89207118baad01d1a9ec7b05306df0482a79d92d2c615fa99,exp154-decode-17
B,B1,8,6,1,4893780012681,318179,true,265745,1eeadb414471c8f89207118baad01d1a9ec7b05306df0482a79d92d2c615fa99,exp154-decode-21
B,B1,8,6,4,4893780044833,329906,true,265745,1eeadb414471c8f89207118baad01d1a9ec7b05306df0482a79d92d2c615fa99,exp154-decode-24
B,B1,8,6,0,4893780108260,302547,true,265745,1eeadb414471c8f89207118baad01d1a9ec7b05306df0482a79d92d2c615fa99,exp154-decode-20
B,B1,8,6,3,4893780384712,393742,true,265745,1eeadb414471c8f89207118baad01d1a9ec7b05306df0482a79d92d2c615fa99,exp154-decode-23
B,B1,8,6,2,4893780460197,345279,true,265745,1eeadb414471c8f89207118baad01d1a9ec7b05306df0482a79d92d2c615fa99,exp154-decode-22
B,B1,8,6,5,4893780384750,546873,true,265745,1eeadb414471c8f89207118baad01d1a9ec7b05306df0482a79d92d2c615fa99,exp154-decode-25
B,B1,8,6,7,4893780385859,804497,true,265745,1eeadb414471c8f89207118baad01d1a9ec7b05306df0482a79d92d2c615fa99,exp154-decode-27
B,B1,8,6,6,4893780397559,1331253,true,265745,1eeadb414471c8f89207118baad01d1a9ec7b05306df0482a79d92d2c615fa99,exp154-decode-26
B,B1,8,7,0,4893782168447,485737,true,265745,1eeadb414471c8f89207118baad01d1a9ec7b05306df0482a79d92d2c615fa99,exp154-decode-28
B,B1,8,7,2,4893782599507,327894,true,265745,1eeadb414471c8f89207118baad01d1a9ec7b05306df0482a79d92d2c615fa99,exp154-decode-30
B,B1,8,7,4,4893782613225,363094,true,265745,1eeadb414471c8f89207118baad01d1a9ec7b05306df0482a79d92d2c615fa99,exp154-decode-32
B,B1,8,7,5,4893782828163,313360,true,265745,1eeadb414471c8f89207118baad01d1a9ec7b05306df0482a79d92d2c615fa99,exp154-decode-17
B,B1,8,7,1,4893782642784,521740,true,265745,1eeadb414471c8f89207118baad01d1a9ec7b05306df0482a79d92d2c615fa99,exp154-decode-29
B,B1,8,7,3,4893782630891,654215,true,265745,1eeadb414471c8f89207118baad01d1a9ec7b05306df0482a79d92d2c615fa99,exp154-decode-31
B,B1,8,7,6,4893783039371,291789,true,265745,1eeadb414471c8f89207118baad01d1a9ec7b05306df0482a79d92d2c615fa99,exp154-decode-18
B,B1,8,7,7,4893782890923,517418,true,265745,1eeadb414471c8f89207118baad01d1a9ec7b05306df0482a79d92d2c615fa99,exp154-decode-19
B,B1,8,8,0,4893783765654,308956,true,265745,1eeadb414471c8f89207118baad01d1a9ec7b05306df0482a79d92d2c615fa99,exp154-decode-20
B,B1,8,8,1,4893784126240,322840,true,265745,1eeadb414471c8f89207118baad01d1a9ec7b05306df0482a79d92d2c615fa99,exp154-decode-21
B,B1,8,8,3,4893784289771,431649,true,265745,1eeadb414471c8f89207118baad01d1a9ec7b05306df0482a79d92d2c615fa99,exp154-decode-23
B,B1,8,8,5,4893784128582,600034,true,265745,1eeadb414471c8f89207118baad01d1a9ec7b05306df0482a79d92d2c615fa99,exp154-decode-25
B,B1,8,8,2,4893784110822,623212,true,265745,1eeadb414471c8f89207118baad01d1a9ec7b05306df0482a79d92d2c615fa99,exp154-decode-22
B,B1,8,8,6,4893784182675,547265,true,265745,1eeadb414471c8f89207118baad01d1a9ec7b05306df0482a79d92d2c615fa99,exp154-decode-26
B,B1,8,8,7,4893784099801,838560,true,265745,1eeadb414471c8f89207118baad01d1a9ec7b05306df0482a79d92d2c615fa99,exp154-decode-27
B,B1,8,8,4,4893784063216,931779,true,265745,1eeadb414471c8f89207118baad01d1a9ec7b05306df0482a79d92d2c615fa99,exp154-decode-24
B,B1,8,9,0,4893785133341,311954,true,265745,1eeadb414471c8f89207118baad01d1a9ec7b05306df0482a79d92d2c615fa99,exp154-decode-28
B,B1,8,9,4,4893785550951,348508,true,265745,1eeadb414471c8f89207118baad01d1a9ec7b05306df0482a79d92d2c615fa99,exp154-decode-32
B,B1,8,9,2,4893785696272,316476,true,265745,1eeadb414471c8f89207118baad01d1a9ec7b05306df0482a79d92d2c615fa99,exp154-decode-30
B,B1,8,9,5,4893785610791,512992,true,265745,1eeadb414471c8f89207118baad01d1a9ec7b05306df0482a79d92d2c615fa99,exp154-decode-17
B,B1,8,9,3,4893785760523,530415,true,265745,1eeadb414471c8f89207118baad01d1a9ec7b05306df0482a79d92d2c615fa99,exp154-decode-31
B,B1,8,9,6,4893785861950,709536,true,265745,1eeadb414471c8f89207118baad01d1a9ec7b05306df0482a79d92d2c615fa99,exp154-decode-18
B,B1,8,9,1,4893785899874,675260,true,265745,1eeadb414471c8f89207118baad01d1a9ec7b05306df0482a79d92d2c615fa99,exp154-decode-29
B,B1,8,9,7,4893785745361,1644891,true,265745,1eeadb414471c8f89207118baad01d1a9ec7b05306df0482a79d92d2c615fa99,exp154-decode-19
B,B1,8,10,4,4893792438427,371860,true,265745,1eeadb414471c8f89207118baad01d1a9ec7b05306df0482a79d92d2c615fa99,exp154-decode-24
B,B1,8,10,0,4893787668623,5143134,true,265745,1eeadb414471c8f89207118baad01d1a9ec7b05306df0482a79d92d2c615fa99,exp154-decode-20
B,B1,8,10,5,4893792450470,359848,true,265745,1eeadb414471c8f89207118baad01d1a9ec7b05306df0482a79d92d2c615fa99,exp154-decode-25
B,B1,8,10,6,4893787595470,5452070,true,265745,1eeadb414471c8f89207118baad01d1a9ec7b05306df0482a79d92d2c615fa99,exp154-decode-26
B,B1,8,10,2,4893792537178,525068,true,265745,1eeadb414471c8f89207118baad01d1a9ec7b05306df0482a79d92d2c615fa99,exp154-decode-22
B,B1,8,10,1,4893793018703,375826,true,265745,1eeadb414471c8f89207118baad01d1a9ec7b05306df0482a79d92d2c615fa99,exp154-decode-21
B,B1,8,10,3,4893793204188,420285,true,265745,1eeadb414471c8f89207118baad01d1a9ec7b05306df0482a79d92d2c615fa99,exp154-decode-23
B,B1,8,10,7,4893793115535,657484,true,265745,1eeadb414471c8f89207118baad01d1a9ec7b05306df0482a79d92d2c615fa99,exp154-decode-27
B,B1,8,11,6,4893794321467,316335,true,265745,1eeadb414471c8f89207118baad01d1a9ec7b05306df0482a79d92d2c615fa99,exp154-decode-18
B,B1,8,11,7,4893794320867,317570,true,265745,1eeadb414471c8f89207118baad01d1a9ec7b05306df0482a79d92d2c615fa99,exp154-decode-19
B,B1,8,11,2,4893794619280,343364,true,265745,1eeadb414471c8f89207118baad01d1a9ec7b05306df0482a79d92d2c615fa99,exp154-decode-30
B,B1,8,11,4,4893794708809,308494,true,265745,1eeadb414471c8f89207118baad01d1a9ec7b05306df0482a79d92d2c615fa99,exp154-decode-32
B,B1,8,11,0,4893794391933,709456,true,265745,1eeadb414471c8f89207118baad01d1a9ec7b05306df0482a79d92d2c615fa99,exp154-decode-28
B,B1,8,11,5,4893794439032,812615,true,265745,1eeadb414471c8f89207118baad01d1a9ec7b05306df0482a79d92d2c615fa99,exp154-decode-17
B,B1,8,11,3,4893794446986,878680,true,265745,1eeadb414471c8f89207118baad01d1a9ec7b05306df0482a79d92d2c615fa99,exp154-decode-31
B,B1,8,11,1,4893794492804,1421265,true,265745,1eeadb414471c8f89207118baad01d1a9ec7b05306df0482a79d92d2c615fa99,exp154-decode-29
B,B1,8,12,2,4893796158434,401884,true,265745,1eeadb414471c8f89207118baad01d1a9ec7b05306df0482a79d92d2c615fa99,exp154-decode-22
B,B1,8,12,0,4893796146125,422236,true,265745,1eeadb414471c8f89207118baad01d1a9ec7b05306df0482a79d92d2c615fa99,exp154-decode-20
B,B1,8,12,7,4893796627694,286849,true,265745,1eeadb414471c8f89207118baad01d1a9ec7b05306df0482a79d92d2c615fa99,exp154-decode-27
B,B1,8,12,4,4893796619207,319575,true,265745,1eeadb414471c8f89207118baad01d1a9ec7b05306df0482a79d92d2c615fa99,exp154-decode-24
B,B1,8,12,5,4893796614936,347045,true,265745,1eeadb414471c8f89207118baad01d1a9ec7b05306df0482a79d92d2c615fa99,exp154-decode-25
B,B1,8,12,6,4893796689942,466895,true,265745,1eeadb414471c8f89207118baad01d1a9ec7b05306df0482a79d92d2c615fa99,exp154-decode-26
B,B1,8,12,3,4893796643764,526905,true,265745,1eeadb414471c8f89207118baad01d1a9ec7b05306df0482a79d92d2c615fa99,exp154-decode-23
B,B1,8,12,1,4893796687992,543393,true,265745,1eeadb414471c8f89207118baad01d1a9ec7b05306df0482a79d92d2c615fa99,exp154-decode-21
B,B1,8,13,1,4893797775685,309517,true,265745,1eeadb414471c8f89207118baad01d1a9ec7b05306df0482a79d92d2c615fa99,exp154-decode-29
B,B1,8,13,0,4893798216466,318007,true,265745,1eeadb414471c8f89207118baad01d1a9ec7b05306df0482a79d92d2c615fa99,exp154-decode-28
B,B1,8,13,3,4893798229605,436824,true,265745,1eeadb414471c8f89207118baad01d1a9ec7b05306df0482a79d92d2c615fa99,exp154-decode-31
B,B1,8,13,7,4893798590351,318769,true,265745,1eeadb414471c8f89207118baad01d1a9ec7b05306df0482a79d92d2c615fa99,exp154-decode-19
B,B1,8,13,6,4893798460353,596584,true,265745,1eeadb414471c8f89207118baad01d1a9ec7b05306df0482a79d92d2c615fa99,exp154-decode-18
B,B1,8,13,5,4893798554330,745573,true,265745,1eeadb414471c8f89207118baad01d1a9ec7b05306df0482a79d92d2c615fa99,exp154-decode-17
B,B1,8,13,4,4893798636185,701624,true,265745,1eeadb414471c8f89207118baad01d1a9ec7b05306df0482a79d92d2c615fa99,exp154-decode-32
B,B1,8,13,2,4893798663009,746828,true,265745,1eeadb414471c8f89207118baad01d1a9ec7b05306df0482a79d92d2c615fa99,exp154-decode-30
B,B2,1,4,0,4893957254676,722844,true,265745,1eeadb414471c8f89207118baad01d1a9ec7b05306df0482a79d92d2c615fa99,exp154-decode-36
B,B2,1,5,0,4893958581442,707791,true,265745,1eeadb414471c8f89207118baad01d1a9ec7b05306df0482a79d92d2c615fa99,exp154-decode-37
B,B2,1,6,0,4893959840290,711605,true,265745,1eeadb414471c8f89207118baad01d1a9ec7b05306df0482a79d92d2c615fa99,exp154-decode-38
B,B2,1,7,0,4893961050000,744470,true,265745,1eeadb414471c8f89207118baad01d1a9ec7b05306df0482a79d92d2c615fa99,exp154-decode-39
B,B2,1,8,0,4893962304442,615645,true,265745,1eeadb414471c8f89207118baad01d1a9ec7b05306df0482a79d92d2c615fa99,exp154-decode-40
B,B2,1,9,0,4893963430524,785242,true,265745,1eeadb414471c8f89207118baad01d1a9ec7b05306df0482a79d92d2c615fa99,exp154-decode-41
B,B2,1,10,0,4893964724425,757353,true,265745,1eeadb414471c8f89207118baad01d1a9ec7b05306df0482a79d92d2c615fa99,exp154-decode-42
B,B2,1,11,0,4893966056526,641653,true,265745,1eeadb414471c8f89207118baad01d1a9ec7b05306df0482a79d92d2c615fa99,exp154-decode-43
B,B2,1,12,0,4893967348773,763564,true,265745,1eeadb414471c8f89207118baad01d1a9ec7b05306df0482a79d92d2c615fa99,exp154-decode-44
B,B2,1,13,0,4893968685521,709362,true,265745,1eeadb414471c8f89207118baad01d1a9ec7b05306df0482a79d92d2c615fa99,exp154-decode-45
B,B2,2,4,0,4893973220698,611831,true,265745,1eeadb414471c8f89207118baad01d1a9ec7b05306df0482a79d92d2c615fa99,exp154-decode-36
B,B2,2,4,1,4893973245085,674979,true,265745,1eeadb414471c8f89207118baad01d1a9ec7b05306df0482a79d92d2c615fa99,exp154-decode-37
B,B2,2,5,0,4893974148389,680626,true,265745,1eeadb414471c8f89207118baad01d1a9ec7b05306df0482a79d92d2c615fa99,exp154-decode-38
B,B2,2,5,1,4893974149285,703205,true,265745,1eeadb414471c8f89207118baad01d1a9ec7b05306df0482a79d92d2c615fa99,exp154-decode-39
B,B2,2,6,0,4893975085096,615566,true,265745,1eeadb414471c8f89207118baad01d1a9ec7b05306df0482a79d92d2c615fa99,exp154-decode-40
B,B2,2,6,1,4893975099224,621096,true,265745,1eeadb414471c8f89207118baad01d1a9ec7b05306df0482a79d92d2c615fa99,exp154-decode-41
B,B2,2,7,1,4893975881506,658794,true,265745,1eeadb414471c8f89207118baad01d1a9ec7b05306df0482a79d92d2c615fa99,exp154-decode-43
B,B2,2,7,0,4893975870201,717603,true,265745,1eeadb414471c8f89207118baad01d1a9ec7b05306df0482a79d92d2c615fa99,exp154-decode-42
B,B2,2,8,1,4893976804321,637525,true,265745,1eeadb414471c8f89207118baad01d1a9ec7b05306df0482a79d92d2c615fa99,exp154-decode-45
B,B2,2,8,0,4893976789543,676628,true,265745,1eeadb414471c8f89207118baad01d1a9ec7b05306df0482a79d92d2c615fa99,exp154-decode-44
B,B2,2,9,1,4893977635562,690644,true,265745,1eeadb414471c8f89207118baad01d1a9ec7b05306df0482a79d92d2c615fa99,exp154-decode-47
B,B2,2,9,0,4893977620883,720983,true,265745,1eeadb414471c8f89207118baad01d1a9ec7b05306df0482a79d92d2c615fa99,exp154-decode-46
B,B2,2,10,0,4893978530332,624026,true,265745,1eeadb414471c8f89207118baad01d1a9ec7b05306df0482a79d92d2c615fa99,exp154-decode-48
B,B2,2,10,1,4893978554465,661287,true,265745,1eeadb414471c8f89207118baad01d1a9ec7b05306df0482a79d92d2c615fa99,exp154-decode-33
B,B2,2,11,1,4893979528051,415326,true,265745,1eeadb414471c8f89207118baad01d1a9ec7b05306df0482a79d92d2c615fa99,exp154-decode-35
B,B2,2,11,0,4893979480860,649956,true,265745,1eeadb414471c8f89207118baad01d1a9ec7b05306df0482a79d92d2c615fa99,exp154-decode-34
B,B2,2,12,0,4893980460159,648990,true,265745,1eeadb414471c8f89207118baad01d1a9ec7b05306df0482a79d92d2c615fa99,exp154-decode-36
B,B2,2,12,1,4893980515652,612853,true,265745,1eeadb414471c8f89207118baad01d1a9ec7b05306df0482a79d92d2c615fa99,exp154-decode-37
B,B2,2,13,1,4893981351106,641780,true,265745,1eeadb414471c8f89207118baad01d1a9ec7b05306df0482a79d92d2c615fa99,exp154-decode-39
B,B2,2,13,0,4893981345036,649588,true,265745,1eeadb414471c8f89207118baad01d1a9ec7b05306df0482a79d92d2c615fa99,exp154-decode-38
B,B2,4,4,0,4893985014416,623913,true,265745,1eeadb414471c8f89207118baad01d1a9ec7b05306df0482a79d92d2c615fa99,exp154-decode-36
B,B2,4,4,2,4893985037053,767222,true,265745,1eeadb414471c8f89207118baad01d1a9ec7b05306df0482a79d92d2c615fa99,exp154-decode-38
B,B2,4,4,3,4893985047707,773116,true,265745,1eeadb414471c8f89207118baad01d1a9ec7b05306df0482a79d92d2c615fa99,exp154-decode-39
B,B2,4,4,1,4893985041396,785851,true,265745,1eeadb414471c8f89207118baad01d1a9ec7b05306df0482a79d92d2c615fa99,exp154-decode-37
B,B2,4,5,0,4893986008858,523847,true,265745,1eeadb414471c8f89207118baad01d1a9ec7b05306df0482a79d92d2c615fa99,exp154-decode-40
B,B2,4,5,1,4893986023557,623841,true,265745,1eeadb414471c8f89207118baad01d1a9ec7b05306df0482a79d92d2c615fa99,exp154-decode-41
B,B2,4,5,3,4893986038025,632891,true,265745,1eeadb414471c8f89207118baad01d1a9ec7b05306df0482a79d92d2c615fa99,exp154-decode-43
B,B2,4,5,2,4893986031937,659061,true,265745,1eeadb414471c8f89207118baad01d1a9ec7b05306df0482a79d92d2c615fa99,exp154-decode-42
B,B2,4,6,1,4893986822731,541362,true,265745,1eeadb414471c8f89207118baad01d1a9ec7b05306df0482a79d92d2c615fa99,exp154-decode-45
B,B2,4,6,0,4893986819201,678380,true,265745,1eeadb414471c8f89207118baad01d1a9ec7b05306df0482a79d92d2c615fa99,exp154-decode-44
B,B2,4,6,3,4893986829702,681954,true,265745,1eeadb414471c8f89207118baad01d1a9ec7b05306df0482a79d92d2c615fa99,exp154-decode-47
B,B2,4,6,2,4893986829234,774357,true,265745,1eeadb414471c8f89207118baad01d1a9ec7b05306df0482a79d92d2c615fa99,exp154-decode-46
B,B2,4,7,0,4893987765880,535808,true,265745,1eeadb414471c8f89207118baad01d1a9ec7b05306df0482a79d92d2c615fa99,exp154-decode-48
B,B2,4,7,3,4893987756311,646535,true,265745,1eeadb414471c8f89207118baad01d1a9ec7b05306df0482a79d92d2c615fa99,exp154-decode-35
B,B2,4,7,1,4893987762034,672731,true,265745,1eeadb414471c8f89207118baad01d1a9ec7b05306df0482a79d92d2c615fa99,exp154-decode-33
B,B2,4,7,2,4893987766376,803621,true,265745,1eeadb414471c8f89207118baad01d1a9ec7b05306df0482a79d92d2c615fa99,exp154-decode-34
B,B2,4,8,0,4893988716809,476635,true,265745,1eeadb414471c8f89207118baad01d1a9ec7b05306df0482a79d92d2c615fa99,exp154-decode-36
B,B2,4,8,3,4893988758300,640394,true,265745,1eeadb414471c8f89207118baad01d1a9ec7b05306df0482a79d92d2c615fa99,exp154-decode-39
B,B2,4,8,2,4893988753683,658646,true,265745,1eeadb414471c8f89207118baad01d1a9ec7b05306df0482a79d92d2c615fa99,exp154-decode-38
B,B2,4,8,1,4893988746120,681253,true,265745,1eeadb414471c8f89207118baad01d1a9ec7b05306df0482a79d92d2c615fa99,exp154-decode-37
B,B2,4,9,0,4893989614365,457054,true,265745,1eeadb414471c8f89207118baad01d1a9ec7b05306df0482a79d92d2c615fa99,exp154-decode-40
B,B2,4,9,1,4893989609227,618004,true,265745,1eeadb414471c8f89207118baad01d1a9ec7b05306df0482a79d92d2c615fa99,exp154-decode-41
B,B2,4,9,2,4893989615374,620811,true,265745,1eeadb414471c8f89207118baad01d1a9ec7b05306df0482a79d92d2c615fa99,exp154-decode-42
B,B2,4,9,3,4893989635723,699351,true,265745,1eeadb414471c8f89207118baad01d1a9ec7b05306df0482a79d92d2c615fa99,exp154-decode-43
B,B2,4,10,0,4893990498870,603826,true,265745,1eeadb414471c8f89207118baad01d1a9ec7b05306df0482a79d92d2c615fa99,exp154-decode-44
B,B2,4,10,3,4893990519829,617043,true,265745,1eeadb414471c8f89207118baad01d1a9ec7b05306df0482a79d92d2c615fa99,exp154-decode-47
B,B2,4,10,1,4893990515248,637563,true,265745,1eeadb414471c8f89207118baad01d1a9ec7b05306df0482a79d92d2c615fa99,exp154-decode-45
B,B2,4,10,2,4893990527210,689015,true,265745,1eeadb414471c8f89207118baad01d1a9ec7b05306df0482a79d92d2c615fa99,exp154-decode-46
B,B2,4,11,0,4893991346646,570691,true,265745,1eeadb414471c8f89207118baad01d1a9ec7b05306df0482a79d92d2c615fa99,exp154-decode-48
B,B2,4,11,1,4893991371489,586159,true,265745,1eeadb414471c8f89207118baad01d1a9ec7b05306df0482a79d92d2c615fa99,exp154-decode-33
B,B2,4,11,2,4893991379498,616759,true,265745,1eeadb414471c8f89207118baad01d1a9ec7b05306df0482a79d92d2c615fa99,exp154-decode-34
B,B2,4,11,3,4893991383023,716156,true,265745,1eeadb414471c8f89207118baad01d1a9ec7b05306df0482a79d92d2c615fa99,exp154-decode-35
B,B2,4,12,0,4893992242424,454342,true,265745,1eeadb414471c8f89207118baad01d1a9ec7b05306df0482a79d92d2c615fa99,exp154-decode-36
B,B2,4,12,1,4893992242273,571393,true,265745,1eeadb414471c8f89207118baad01d1a9ec7b05306df0482a79d92d2c615fa99,exp154-decode-37
B,B2,4,12,3,4893992267363,595102,true,265745,1eeadb414471c8f89207118baad01d1a9ec7b05306df0482a79d92d2c615fa99,exp154-decode-39
B,B2,4,12,2,4893992252745,614445,true,265745,1eeadb414471c8f89207118baad01d1a9ec7b05306df0482a79d92d2c615fa99,exp154-decode-38
B,B2,4,13,0,4893993034204,408663,true,265745,1eeadb414471c8f89207118baad01d1a9ec7b05306df0482a79d92d2c615fa99,exp154-decode-40
B,B2,4,13,1,4893993026883,527049,true,265745,1eeadb414471c8f89207118baad01d1a9ec7b05306df0482a79d92d2c615fa99,exp154-decode-41
B,B2,4,13,3,4893993051107,566313,true,265745,1eeadb414471c8f89207118baad01d1a9ec7b05306df0482a79d92d2c615fa99,exp154-decode-43
B,B2,4,13,2,4893993053318,610768,true,265745,1eeadb414471c8f89207118baad01d1a9ec7b05306df0482a79d92d2c615fa99,exp154-decode-42
B,B2,8,4,2,4894003287021,302222,true,265745,1eeadb414471c8f89207118baad01d1a9ec7b05306df0482a79d92d2c615fa99,exp154-decode-38
B,B2,8,4,6,4894003377463,283529,true,265745,1eeadb414471c8f89207118baad01d1a9ec7b05306df0482a79d92d2c615fa99,exp154-decode-42
B,B2,8,4,0,4894003279184,425960,true,265745,1eeadb414471c8f89207118baad01d1a9ec7b05306df0482a79d92d2c615fa99,exp154-decode-36
B,B2,8,4,3,4894003421760,348053,true,265745,1eeadb414471c8f89207118baad01d1a9ec7b05306df0482a79d92d2c615fa99,exp154-decode-39
B,B2,8,4,5,4894003363047,424542,true,265745,1eeadb414471c8f89207118baad01d1a9ec7b05306df0482a79d92d2c615fa99,exp154-decode-41
B,B2,8,4,1,4894003267465,1052395,true,265745,1eeadb414471c8f89207118baad01d1a9ec7b05306df0482a79d92d2c615fa99,exp154-decode-37
B,B2,8,4,7,4894003629253,726139,true,265745,1eeadb414471c8f89207118baad01d1a9ec7b05306df0482a79d92d2c615fa99,exp154-decode-43
B,B2,8,4,4,4894004140961,777903,true,265745,1eeadb414471c8f89207118baad01d1a9ec7b05306df0482a79d92d2c615fa99,exp154-decode-40
B,B2,8,5,0,4894005066417,296748,true,265745,1eeadb414471c8f89207118baad01d1a9ec7b05306df0482a79d92d2c615fa99,exp154-decode-44
B,B2,8,5,2,4894005120373,284181,true,265745,1eeadb414471c8f89207118baad01d1a9ec7b05306df0482a79d92d2c615fa99,exp154-decode-46
B,B2,8,5,1,4894005141256,406324,true,265745,1eeadb414471c8f89207118baad01d1a9ec7b05306df0482a79d92d2c615fa99,exp154-decode-45
B,B2,8,5,3,4894005163558,414949,true,265745,1eeadb414471c8f89207118baad01d1a9ec7b05306df0482a79d92d2c615fa99,exp154-decode-47
B,B2,8,5,4,4894005192874,548796,true,265745,1eeadb414471c8f89207118baad01d1a9ec7b05306df0482a79d92d2c615fa99,exp154-decode-48
B,B2,8,5,5,4894005827674,298147,true,265745,1eeadb414471c8f89207118baad01d1a9ec7b05306df0482a79d92d2c615fa99,exp154-decode-33
B,B2,8,5,6,4894005919974,279047,true,265745,1eeadb414471c8f89207118baad01d1a9ec7b05306df0482a79d92d2c615fa99,exp154-decode-34
B,B2,8,5,7,4894005854536,568312,true,265745,1eeadb414471c8f89207118baad01d1a9ec7b05306df0482a79d92d2c615fa99,exp154-decode-35
B,B2,8,6,0,4894006497356,289546,true,265745,1eeadb414471c8f89207118baad01d1a9ec7b05306df0482a79d92d2c615fa99,exp154-decode-36
B,B2,8,6,1,4894006515457,286682,true,265745,1eeadb414471c8f89207118baad01d1a9ec7b05306df0482a79d92d2c615fa99,exp154-decode-37
B,B2,8,6,2,4894006534082,304914,true,265745,1eeadb414471c8f89207118baad01d1a9ec7b05306df0482a79d92d2c615fa99,exp154-decode-38
B,B2,8,6,5,4894006593774,272017,true,265745,1eeadb414471c8f89207118baad01d1a9ec7b05306df0482a79d92d2c615fa99,exp154-decode-41
B,B2,8,6,6,4894006608866,277763,true,265745,1eeadb414471c8f89207118baad01d1a9ec7b05306df0482a79d92d2c615fa99,exp154-decode-42
B,B2,8,6,3,4894006557643,379826,true,265745,1eeadb414471c8f89207118baad01d1a9ec7b05306df0482a79d92d2c615fa99,exp154-decode-39
B,B2,8,6,4,4894006683439,361579,true,265745,1eeadb414471c8f89207118baad01d1a9ec7b05306df0482a79d92d2c615fa99,exp154-decode-40
B,B2,8,6,7,4894006813390,267991,true,265745,1eeadb414471c8f89207118baad01d1a9ec7b05306df0482a79d92d2c615fa99,exp154-decode-43
B,B2,8,7,0,4894007156972,254822,true,265745,1eeadb414471c8f89207118baad01d1a9ec7b05306df0482a79d92d2c615fa99,exp154-decode-44
B,B2,8,7,5,4894007168976,267390,true,265745,1eeadb414471c8f89207118baad01d1a9ec7b05306df0482a79d92d2c615fa99,exp154-decode-33
B,B2,8,7,3,4894007166867,280462,true,265745,1eeadb414471c8f89207118baad01d1a9ec7b05306df0482a79d92d2c615fa99,exp154-decode-47
B,B2,8,7,7,4894007195353,277188,true,265745,1eeadb414471c8f89207118baad01d1a9ec7b05306df0482a79d92d2c615fa99,exp154-decode-35
B,B2,8,7,4,4894007186821,322952,true,265745,1eeadb414471c8f89207118baad01d1a9ec7b05306df0482a79d92d2c615fa99,exp154-decode-48
B,B2,8,7,6,4894007184257,350115,true,265745,1eeadb414471c8f89207118baad01d1a9ec7b05306df0482a79d92d2c615fa99,exp154-decode-34
B,B2,8,7,2,4894007218920,422943,true,265745,1eeadb414471c8f89207118baad01d1a9ec7b05306df0482a79d92d2c615fa99,exp154-decode-46
B,B2,8,7,1,4894007439040,270733,true,265745,1eeadb414471c8f89207118baad01d1a9ec7b05306df0482a79d92d2c615fa99,exp154-decode-45
B,B2,8,8,2,4894007799382,281853,true,265745,1eeadb414471c8f89207118baad01d1a9ec7b05306df0482a79d92d2c615fa99,exp154-decode-38
B,B2,8,8,1,4894007802707,319954,true,265745,1eeadb414471c8f89207118baad01d1a9ec7b05306df0482a79d92d2c615fa99,exp154-decode-37
B,B2,8,8,3,4894007822891,305610,true,265745,1eeadb414471c8f89207118baad01d1a9ec7b05306df0482a79d92d2c615fa99,exp154-decode-39
B,B2,8,8,4,4894007805185,338206,true,265745,1eeadb414471c8f89207118baad01d1a9ec7b05306df0482a79d92d2c615fa99,exp154-decode-40
B,B2,8,8,5,4894007839930,345252,true,265745,1eeadb414471c8f89207118baad01d1a9ec7b05306df0482a79d92d2c615fa99,exp154-decode-41
B,B2,8,8,0,4894007807686,445225,true,265745,1eeadb414471c8f89207118baad01d1a9ec7b05306df0482a79d92d2c615fa99,exp154-decode-36
B,B2,8,8,6,4894007954876,330930,true,265745,1eeadb414471c8f89207118baad01d1a9ec7b05306df0482a79d92d2c615fa99,exp154-decode-42
B,B2,8,8,7,4894007843204,511044,true,265745,1eeadb414471c8f89207118baad01d1a9ec7b05306df0482a79d92d2c615fa99,exp154-decode-43
B,B2,8,9,2,4894008433552,254144,true,265745,1eeadb414471c8f89207118baad01d1a9ec7b05306df0482a79d92d2c615fa99,exp154-decode-46
B,B2,8,9,6,4894008450169,267041,true,265745,1eeadb414471c8f89207118baad01d1a9ec7b05306df0482a79d92d2c615fa99,exp154-decode-34
B,B2,8,9,4,4894008454814,276829,true,265745,1eeadb414471c8f89207118baad01d1a9ec7b05306df0482a79d92d2c615fa99,exp154-decode-48
B,B2,8,9,7,4894008451245,283151,true,265745,1eeadb414471c8f89207118baad01d1a9ec7b05306df0482a79d92d2c615fa99,exp154-decode-35
B,B2,8,9,0,4894008474711,300692,true,265745,1eeadb414471c8f89207118baad01d1a9ec7b05306df0482a79d92d2c615fa99,exp154-decode-44
B,B2,8,9,5,4894008451017,359030,true,265745,1eeadb414471c8f89207118baad01d1a9ec7b05306df0482a79d92d2c615fa99,exp154-decode-33
B,B2,8,9,3,4894008508397,375515,true,265745,1eeadb414471c8f89207118baad01d1a9ec7b05306df0482a79d92d2c615fa99,exp154-decode-47
B,B2,8,9,1,4894008710774,270568,true,265745,1eeadb414471c8f89207118baad01d1a9ec7b05306df0482a79d92d2c615fa99,exp154-decode-45
B,B2,8,10,3,4894009069715,269148,true,265745,1eeadb414471c8f89207118baad01d1a9ec7b05306df0482a79d92d2c615fa99,exp154-decode-39
B,B2,8,10,1,4894009066004,281339,true,265745,1eeadb414471c8f89207118baad01d1a9ec7b05306df0482a79d92d2c615fa99,exp154-decode-37
B,B2,8,10,4,4894009073425,276089,true,265745,1eeadb414471c8f89207118baad01d1a9ec7b05306df0482a79d92d2c615fa99,exp154-decode-40
B,B2,8,10,2,4894009085043,278054,true,265745,1eeadb414471c8f89207118baad01d1a9ec7b05306df0482a79d92d2c615fa99,exp154-decode-38
B,B2,8,10,5,4894009078610,294757,true,265745,1eeadb414471c8f89207118baad01d1a9ec7b05306df0482a79d92d2c615fa99,exp154-decode-41
B,B2,8,10,0,4894009101537,281527,true,265745,1eeadb414471c8f89207118baad01d1a9ec7b05306df0482a79d92d2c615fa99,exp154-decode-36
B,B2,8,10,7,4894009139522,456055,true,265745,1eeadb414471c8f89207118baad01d1a9ec7b05306df0482a79d92d2c615fa99,exp154-decode-43
B,B2,8,10,6,4894009362530,300884,true,265745,1eeadb414471c8f89207118baad01d1a9ec7b05306df0482a79d92d2c615fa99,exp154-decode-42
B,B2,8,11,3,4894009780395,262328,true,265745,1eeadb414471c8f89207118baad01d1a9ec7b05306df0482a79d92d2c615fa99,exp154-decode-47
B,B2,8,11,2,4894009839448,299208,true,265745,1eeadb414471c8f89207118baad01d1a9ec7b05306df0482a79d92d2c615fa99,exp154-decode-46
B,B2,8,11,5,4894009802863,337267,true,265745,1eeadb414471c8f89207118baad01d1a9ec7b05306df0482a79d92d2c615fa99,exp154-decode-33
B,B2,8,11,7,4894009849679,294774,true,265745,1eeadb414471c8f89207118baad01d1a9ec7b05306df0482a79d92d2c615fa99,exp154-decode-35
B,B2,8,11,0,4894009779366,455057,true,265745,1eeadb414471c8f89207118baad01d1a9ec7b05306df0482a79d92d2c615fa99,exp154-decode-44
B,B2,8,11,6,4894009920990,406783,true,265745,1eeadb414471c8f89207118baad01d1a9ec7b05306df0482a79d92d2c615fa99,exp154-decode-34
B,B2,8,11,1,4894009779040,550659,true,265745,1eeadb414471c8f89207118baad01d1a9ec7b05306df0482a79d92d2c615fa99,exp154-decode-45
B,B2,8,11,4,4894010160234,358405,true,265745,1eeadb414471c8f89207118baad01d1a9ec7b05306df0482a79d92d2c615fa99,exp154-decode-48
B,B2,8,12,1,4894010620382,289878,true,265745,1eeadb414471c8f89207118baad01d1a9ec7b05306df0482a79d92d2c615fa99,exp154-decode-37
B,B2,8,12,2,4894010628570,290624,true,265745,1eeadb414471c8f89207118baad01d1a9ec7b05306df0482a79d92d2c615fa99,exp154-decode-38
B,B2,8,12,3,4894010640750,279499,true,265745,1eeadb414471c8f89207118baad01d1a9ec7b05306df0482a79d92d2c615fa99,exp154-decode-39
B,B2,8,12,4,4894010684079,292890,true,265745,1eeadb414471c8f89207118baad01d1a9ec7b05306df0482a79d92d2c615fa99,exp154-decode-40
B,B2,8,12,5,4894010706068,287969,true,265745,1eeadb414471c8f89207118baad01d1a9ec7b05306df0482a79d92d2c615fa99,exp154-decode-41
B,B2,8,12,6,4894010779433,405528,true,265745,1eeadb414471c8f89207118baad01d1a9ec7b05306df0482a79d92d2c615fa99,exp154-decode-42
B,B2,8,12,0,4894010957343,319293,true,265745,1eeadb414471c8f89207118baad01d1a9ec7b05306df0482a79d92d2c615fa99,exp154-decode-36
B,B2,8,12,7,4894011008700,295343,true,265745,1eeadb414471c8f89207118baad01d1a9ec7b05306df0482a79d92d2c615fa99,exp154-decode-43
B,B2,8,13,1,4894011400507,267742,true,265745,1eeadb414471c8f89207118baad01d1a9ec7b05306df0482a79d92d2c615fa99,exp154-decode-45
B,B2,8,13,7,4894011415763,274074,true,265745,1eeadb414471c8f89207118baad01d1a9ec7b05306df0482a79d92d2c615fa99,exp154-decode-35
B,B2,8,13,2,4894011415483,288587,true,265745,1eeadb414471c8f89207118baad01d1a9ec7b05306df0482a79d92d2c615fa99,exp154-decode-46
B,B2,8,13,5,4894011437792,287367,true,265745,1eeadb414471c8f89207118baad01d1a9ec7b05306df0482a79d92d2c615fa99,exp154-decode-33
B,B2,8,13,6,4894011434641,317304,true,265745,1eeadb414471c8f89207118baad01d1a9ec7b05306df0482a79d92d2c615fa99,exp154-decode-34
B,B2,8,13,4,4894011695613,266633,true,265745,1eeadb414471c8f89207118baad01d1a9ec7b05306df0482a79d92d2c615fa99,exp154-decode-48
B,B2,8,13,0,4894011394692,582595,true,265745,1eeadb414471c8f89207118baad01d1a9ec7b05306df0482a79d92d2c615fa99,exp154-decode-44
B,B2,8,13,3,4894011729586,333715,true,265745,1eeadb414471c8f89207118baad01d1a9ec7b05306df0482a79d92d2c615fa99,exp154-decode-47
A,A2,1,4,0,4894014568699,284055,true,265745,1eeadb414471c8f89207118baad01d1a9ec7b05306df0482a79d92d2c615fa99,parallel-7
A,A2,1,5,0,4894014910373,361542,true,265745,1eeadb414471c8f89207118baad01d1a9ec7b05306df0482a79d92d2c615fa99,parallel-8
A,A2,1,6,0,4894015359159,274169,true,265745,1eeadb414471c8f89207118baad01d1a9ec7b05306df0482a79d92d2c615fa99,parallel-9
A,A2,1,7,0,4894015711818,286089,true,265745,1eeadb414471c8f89207118baad01d1a9ec7b05306df0482a79d92d2c615fa99,parallel-10
A,A2,1,8,0,4894016133241,292305,true,265745,1eeadb414471c8f89207118baad01d1a9ec7b05306df0482a79d92d2c615fa99,parallel-11
A,A2,1,9,0,4894016498622,293848,true,265745,1eeadb414471c8f89207118baad01d1a9ec7b05306df0482a79d92d2c615fa99,parallel-12
A,A2,1,10,0,4894016902486,280605,true,265745,1eeadb414471c8f89207118baad01d1a9ec7b05306df0482a79d92d2c615fa99,parallel-13
A,A2,1,11,0,4894017291754,352962,true,265745,1eeadb414471c8f89207118baad01d1a9ec7b05306df0482a79d92d2c615fa99,parallel-14
A,A2,1,12,0,4894017741333,288060,true,265745,1eeadb414471c8f89207118baad01d1a9ec7b05306df0482a79d92d2c615fa99,parallel-15
A,A2,1,13,0,4894018116027,286476,true,265745,1eeadb414471c8f89207118baad01d1a9ec7b05306df0482a79d92d2c615fa99,parallel-16
A,A2,2,4,0,4894019780527,290377,true,265745,1eeadb414471c8f89207118baad01d1a9ec7b05306df0482a79d92d2c615fa99,parallel-7
A,A2,2,4,1,4894019800024,300854,true,265745,1eeadb414471c8f89207118baad01d1a9ec7b05306df0482a79d92d2c615fa99,parallel-8
A,A2,2,5,0,4894020178590,290902,true,265745,1eeadb414471c8f89207118baad01d1a9ec7b05306df0482a79d92d2c615fa99,parallel-9
A,A2,2,5,1,4894020181514,331979,true,265745,1eeadb414471c8f89207118baad01d1a9ec7b05306df0482a79d92d2c615fa99,parallel-10
A,A2,2,6,0,4894020598090,288099,true,265745,1eeadb414471c8f89207118baad01d1a9ec7b05306df0482a79d92d2c615fa99,parallel-11
A,A2,2,6,1,4894020606391,307209,true,265745,1eeadb414471c8f89207118baad01d1a9ec7b05306df0482a79d92d2c615fa99,parallel-12
A,A2,2,7,0,4894020984240,10915696,true,265745,1eeadb414471c8f89207118baad01d1a9ec7b05306df0482a79d92d2c615fa99,parallel-13
A,A2,2,7,1,4894020992891,10949154,true,265745,1eeadb414471c8f89207118baad01d1a9ec7b05306df0482a79d92d2c615fa99,parallel-14
A,A2,2,8,0,4894032175526,289859,true,265745,1eeadb414471c8f89207118baad01d1a9ec7b05306df0482a79d92d2c615fa99,parallel-15
A,A2,2,8,1,4894032172334,310818,true,265745,1eeadb414471c8f89207118baad01d1a9ec7b05306df0482a79d92d2c615fa99,parallel-16
A,A2,2,9,1,4894032602053,276090,true,265745,1eeadb414471c8f89207118baad01d1a9ec7b05306df0482a79d92d2c615fa99,parallel-2
A,A2,2,9,0,4894032583089,313351,true,265745,1eeadb414471c8f89207118baad01d1a9ec7b05306df0482a79d92d2c615fa99,parallel-1
A,A2,2,10,0,4894033026282,362440,true,265745,1eeadb414471c8f89207118baad01d1a9ec7b05306df0482a79d92d2c615fa99,parallel-3
A,A2,2,10,1,4894033061011,385746,true,265745,1eeadb414471c8f89207118baad01d1a9ec7b05306df0482a79d92d2c615fa99,parallel-4
A,A2,2,11,1,4894033612790,312292,true,265745,1eeadb414471c8f89207118baad01d1a9ec7b05306df0482a79d92d2c615fa99,parallel-6
A,A2,2,11,0,4894033603995,324442,true,265745,1eeadb414471c8f89207118baad01d1a9ec7b05306df0482a79d92d2c615fa99,parallel-5
A,A2,2,12,1,4894034041838,271993,true,265745,1eeadb414471c8f89207118baad01d1a9ec7b05306df0482a79d92d2c615fa99,parallel-8
A,A2,2,12,0,4894034031755,303999,true,265745,1eeadb414471c8f89207118baad01d1a9ec7b05306df0482a79d92d2c615fa99,parallel-7
A,A2,2,13,0,4894034477850,271298,true,265745,1eeadb414471c8f89207118baad01d1a9ec7b05306df0482a79d92d2c615fa99,parallel-9
A,A2,2,13,1,4894034484291,289052,true,265745,1eeadb414471c8f89207118baad01d1a9ec7b05306df0482a79d92d2c615fa99,parallel-10
A,A2,4,4,0,4894036225536,267217,true,265745,1eeadb414471c8f89207118baad01d1a9ec7b05306df0482a79d92d2c615fa99,parallel-7
A,A2,4,4,1,4894036230207,281136,true,265745,1eeadb414471c8f89207118baad01d1a9ec7b05306df0482a79d92d2c615fa99,parallel-8
A,A2,4,4,2,4894036247868,275797,true,265745,1eeadb414471c8f89207118baad01d1a9ec7b05306df0482a79d92d2c615fa99,parallel-9
A,A2,4,4,3,4894036246475,302530,true,265745,1eeadb414471c8f89207118baad01d1a9ec7b05306df0482a79d92d2c615fa99,parallel-10
A,A2,4,5,0,4894036616389,256511,true,265745,1eeadb414471c8f89207118baad01d1a9ec7b05306df0482a79d92d2c615fa99,parallel-11
A,A2,4,5,1,4894036629649,264753,true,265745,1eeadb414471c8f89207118baad01d1a9ec7b05306df0482a79d92d2c615fa99,parallel-12
A,A2,4,5,3,4894036638133,289808,true,265745,1eeadb414471c8f89207118baad01d1a9ec7b05306df0482a79d92d2c615fa99,parallel-14
A,A2,4,5,2,4894036650035,315168,true,265745,1eeadb414471c8f89207118baad01d1a9ec7b05306df0482a79d92d2c615fa99,parallel-13
A,A2,4,6,3,4894037047786,277916,true,265745,1eeadb414471c8f89207118baad01d1a9ec7b05306df0482a79d92d2c615fa99,parallel-2
A,A2,4,6,2,4894037087310,273574,true,265745,1eeadb414471c8f89207118baad01d1a9ec7b05306df0482a79d92d2c615fa99,parallel-1
A,A2,4,6,1,4894037103976,317351,true,265745,1eeadb414471c8f89207118baad01d1a9ec7b05306df0482a79d92d2c615fa99,parallel-16
A,A2,4,6,0,4894037176971,299376,true,265745,1eeadb414471c8f89207118baad01d1a9ec7b05306df0482a79d92d2c615fa99,parallel-15
A,A2,4,7,0,4894037560772,283677,true,265745,1eeadb414471c8f89207118baad01d1a9ec7b05306df0482a79d92d2c615fa99,parallel-3
A,A2,4,7,2,4894037561765,288508,true,265745,1eeadb414471c8f89207118baad01d1a9ec7b05306df0482a79d92d2c615fa99,parallel-5
A,A2,4,7,1,4894037572494,291545,true,265745,1eeadb414471c8f89207118baad01d1a9ec7b05306df0482a79d92d2c615fa99,parallel-4
A,A2,4,7,3,4894037598087,308898,true,265745,1eeadb414471c8f89207118baad01d1a9ec7b05306df0482a79d92d2c615fa99,parallel-6
A,A2,4,8,0,4894037980976,272232,true,265745,1eeadb414471c8f89207118baad01d1a9ec7b05306df0482a79d92d2c615fa99,parallel-7
A,A2,4,8,2,4894037990893,276852,true,265745,1eeadb414471c8f89207118baad01d1a9ec7b05306df0482a79d92d2c615fa99,parallel-9
A,A2,4,8,1,4894037996809,356111,true,265745,1eeadb414471c8f89207118baad01d1a9ec7b05306df0482a79d92d2c615fa99,parallel-8
A,A2,4,8,3,4894038003762,433154,true,265745,1eeadb414471c8f89207118baad01d1a9ec7b05306df0482a79d92d2c615fa99,parallel-10
A,A2,4,9,0,4894038524297,266923,true,265745,1eeadb414471c8f89207118baad01d1a9ec7b05306df0482a79d92d2c615fa99,parallel-11
A,A2,4,9,3,4894038539342,273299,true,265745,1eeadb414471c8f89207118baad01d1a9ec7b05306df0482a79d92d2c615fa99,parallel-14
A,A2,4,9,1,4894038538972,331563,true,265745,1eeadb414471c8f89207118baad01d1a9ec7b05306df0482a79d92d2c615fa99,parallel-12
A,A2,4,9,2,4894038711333,333807,true,265745,1eeadb414471c8f89207118baad01d1a9ec7b05306df0482a79d92d2c615fa99,parallel-13
A,A2,4,10,2,4894039133780,277538,true,265745,1eeadb414471c8f89207118baad01d1a9ec7b05306df0482a79d92d2c615fa99,parallel-1
A,A2,4,10,3,4894039135579,279239,true,265745,1eeadb414471c8f89207118baad01d1a9ec7b05306df0482a79d92d2c615fa99,parallel-2
A,A2,4,10,1,4894039138080,293599,true,265745,1eeadb414471c8f89207118baad01d1a9ec7b05306df0482a79d92d2c615fa99,parallel-16
A,A2,4,10,0,4894039139284,296970,true,265745,1eeadb414471c8f89207118baad01d1a9ec7b05306df0482a79d92d2c615fa99,parallel-15
A,A2,4,11,1,4894039598237,276616,true,265745,1eeadb414471c8f89207118baad01d1a9ec7b05306df0482a79d92d2c615fa99,parallel-4
A,A2,4,11,3,4894039595612,287864,true,265745,1eeadb414471c8f89207118baad01d1a9ec7b05306df0482a79d92d2c615fa99,parallel-6
A,A2,4,11,2,4894039609656,295411,true,265745,1eeadb414471c8f89207118baad01d1a9ec7b05306df0482a79d92d2c615fa99,parallel-5
A,A2,4,11,0,4894039582170,332225,true,265745,1eeadb414471c8f89207118baad01d1a9ec7b05306df0482a79d92d2c615fa99,parallel-3
A,A2,4,12,2,4894040036939,275193,true,265745,1eeadb414471c8f89207118baad01d1a9ec7b05306df0482a79d92d2c615fa99,parallel-9
A,A2,4,12,0,4894039992367,324254,true,265745,1eeadb414471c8f89207118baad01d1a9ec7b05306df0482a79d92d2c615fa99,parallel-7
A,A2,4,12,3,4894040082126,281910,true,265745,1eeadb414471c8f89207118baad01d1a9ec7b05306df0482a79d92d2c615fa99,parallel-10
A,A2,4,12,1,4894040093123,283924,true,265745,1eeadb414471c8f89207118baad01d1a9ec7b05306df0482a79d92d2c615fa99,parallel-8
A,A2,4,13,0,4894040465777,283487,true,265745,1eeadb414471c8f89207118baad01d1a9ec7b05306df0482a79d92d2c615fa99,parallel-11
A,A2,4,13,3,4894040472413,280108,true,265745,1eeadb414471c8f89207118baad01d1a9ec7b05306df0482a79d92d2c615fa99,parallel-14
A,A2,4,13,2,4894040471631,283671,true,265745,1eeadb414471c8f89207118baad01d1a9ec7b05306df0482a79d92d2c615fa99,parallel-13
A,A2,4,13,1,4894040493102,286459,true,265745,1eeadb414471c8f89207118baad01d1a9ec7b05306df0482a79d92d2c615fa99,parallel-12
A,A2,8,4,6,4894042933693,257665,true,265745,1eeadb414471c8f89207118baad01d1a9ec7b05306df0482a79d92d2c615fa99,parallel-13
A,A2,8,4,4,4894042925091,266538,true,265745,1eeadb414471c8f89207118baad01d1a9ec7b05306df0482a79d92d2c615fa99,parallel-11
A,A2,8,4,5,4894042948843,291899,true,265745,1eeadb414471c8f89207118baad01d1a9ec7b05306df0482a79d92d2c615fa99,parallel-12
A,A2,8,4,3,4894042956796,285400,true,265745,1eeadb414471c8f89207118baad01d1a9ec7b05306df0482a79d92d2c615fa99,parallel-10
A,A2,8,4,1,4894042974102,362850,true,265745,1eeadb414471c8f89207118baad01d1a9ec7b05306df0482a79d92d2c615fa99,parallel-8
A,A2,8,4,0,4894043108136,285392,true,265745,1eeadb414471c8f89207118baad01d1a9ec7b05306df0482a79d92d2c615fa99,parallel-7
A,A2,8,4,2,4894043212718,273973,true,265745,1eeadb414471c8f89207118baad01d1a9ec7b05306df0482a79d92d2c615fa99,parallel-9
A,A2,8,4,7,4894043108384,412832,true,265745,1eeadb414471c8f89207118baad01d1a9ec7b05306df0482a79d92d2c615fa99,parallel-14
A,A2,8,5,3,4894043603985,269454,true,265745,1eeadb414471c8f89207118baad01d1a9ec7b05306df0482a79d92d2c615fa99,parallel-2
A,A2,8,5,2,4894043608648,270983,true,265745,1eeadb414471c8f89207118baad01d1a9ec7b05306df0482a79d92d2c615fa99,parallel-1
A,A2,8,5,6,4894043612304,282825,true,265745,1eeadb414471c8f89207118baad01d1a9ec7b05306df0482a79d92d2c615fa99,parallel-5
A,A2,8,5,1,4894043615465,282129,true,265745,1eeadb414471c8f89207118baad01d1a9ec7b05306df0482a79d92d2c615fa99,parallel-16
A,A2,8,5,0,4894043625477,288225,true,265745,1eeadb414471c8f89207118baad01d1a9ec7b05306df0482a79d92d2c615fa99,parallel-15
A,A2,8,5,4,4894043619320,310459,true,265745,1eeadb414471c8f89207118baad01d1a9ec7b05306df0482a79d92d2c615fa99,parallel-3
A,A2,8,5,5,4894043901144,324416,true,265745,1eeadb414471c8f89207118baad01d1a9ec7b05306df0482a79d92d2c615fa99,parallel-4
A,A2,8,5,7,4894043900679,363941,true,265745,1eeadb414471c8f89207118baad01d1a9ec7b05306df0482a79d92d2c615fa99,parallel-6
A,A2,8,6,0,4894044360212,276472,true,265745,1eeadb414471c8f89207118baad01d1a9ec7b05306df0482a79d92d2c615fa99,parallel-7
A,A2,8,6,5,4894044379472,300003,true,265745,1eeadb414471c8f89207118baad01d1a9ec7b05306df0482a79d92d2c615fa99,parallel-12
A,A2,8,6,3,4894044382074,303036,true,265745,1eeadb414471c8f89207118baad01d1a9ec7b05306df0482a79d92d2c615fa99,parallel-10
A,A2,8,6,2,4894044375240,314723,true,265745,1eeadb414471c8f89207118baad01d1a9ec7b05306df0482a79d92d2c615fa99,parallel-9
A,A2,8,6,1,4894044371492,313785,true,265745,1eeadb414471c8f89207118baad01d1a9ec7b05306df0482a79d92d2c615fa99,parallel-8
A,A2,8,6,6,4894044358557,431836,true,265745,1eeadb414471c8f89207118baad01d1a9ec7b05306df0482a79d92d2c615fa99,parallel-13
A,A2,8,6,4,4894044512882,283175,true,265745,1eeadb414471c8f89207118baad01d1a9ec7b05306df0482a79d92d2c615fa99,parallel-11
A,A2,8,6,7,4894044701770,266702,true,265745,1eeadb414471c8f89207118baad01d1a9ec7b05306df0482a79d92d2c615fa99,parallel-14
A,A2,8,7,4,4894045101293,257988,true,265745,1eeadb414471c8f89207118baad01d1a9ec7b05306df0482a79d92d2c615fa99,parallel-3
A,A2,8,7,2,4894045118570,270341,true,265745,1eeadb414471c8f89207118baad01d1a9ec7b05306df0482a79d92d2c615fa99,parallel-1
A,A2,8,7,6,4894045163025,268947,true,265745,1eeadb414471c8f89207118baad01d1a9ec7b05306df0482a79d92d2c615fa99,parallel-5
A,A2,8,7,5,4894045149653,297071,true,265745,1eeadb414471c8f89207118baad01d1a9ec7b05306df0482a79d92d2c615fa99,parallel-4
A,A2,8,7,1,4894045116792,408989,true,265745,1eeadb414471c8f89207118baad01d1a9ec7b05306df0482a79d92d2c615fa99,parallel-16
A,A2,8,7,7,4894045144973,557082,true,265745,1eeadb414471c8f89207118baad01d1a9ec7b05306df0482a79d92d2c615fa99,parallel-6
A,A2,8,7,3,4894045100647,648537,true,265745,1eeadb414471c8f89207118baad01d1a9ec7b05306df0482a79d92d2c615fa99,parallel-2
A,A2,8,7,0,4894045546338,339213,true,265745,1eeadb414471c8f89207118baad01d1a9ec7b05306df0482a79d92d2c615fa99,parallel-15
A,A2,8,8,0,4894046029653,261519,true,265745,1eeadb414471c8f89207118baad01d1a9ec7b05306df0482a79d92d2c615fa99,parallel-7
A,A2,8,8,2,4894046049954,264985,true,265745,1eeadb414471c8f89207118baad01d1a9ec7b05306df0482a79d92d2c615fa99,parallel-9
A,A2,8,8,3,4894046057517,306147,true,265745,1eeadb414471c8f89207118baad01d1a9ec7b05306df0482a79d92d2c615fa99,parallel-10
A,A2,8,8,1,4894046068882,352888,true,265745,1eeadb414471c8f89207118baad01d1a9ec7b05306df0482a79d92d2c615fa99,parallel-8
A,A2,8,8,4,4894046061860,366055,true,265745,1eeadb414471c8f89207118baad01d1a9ec7b05306df0482a79d92d2c615fa99,parallel-11
A,A2,8,8,5,4894046188228,317320,true,265745,1eeadb414471c8f89207118baad01d1a9ec7b05306df0482a79d92d2c615fa99,parallel-12
A,A2,8,8,6,4894046214822,366376,true,265745,1eeadb414471c8f89207118baad01d1a9ec7b05306df0482a79d92d2c615fa99,parallel-13
A,A2,8,8,7,4894046320164,271049,true,265745,1eeadb414471c8f89207118baad01d1a9ec7b05306df0482a79d92d2c615fa99,parallel-14
A,A2,8,9,3,4894046784809,4031201,true,265745,1eeadb414471c8f89207118baad01d1a9ec7b05306df0482a79d92d2c615fa99,parallel-2
A,A2,8,9,1,4894046736126,4092114,true,265745,1eeadb414471c8f89207118baad01d1a9ec7b05306df0482a79d92d2c615fa99,parallel-16
A,A2,8,9,6,4894046737643,4106719,true,265745,1eeadb414471c8f89207118baad01d1a9ec7b05306df0482a79d92d2c615fa99,parallel-5
A,A2,8,9,7,4894050578833,304013,true,265745,1eeadb414471c8f89207118baad01d1a9ec7b05306df0482a79d92d2c615fa99,parallel-6
A,A2,8,9,4,4894046765854,4134484,true,265745,1eeadb414471c8f89207118baad01d1a9ec7b05306df0482a79d92d2c615fa99,parallel-3
A,A2,8,9,2,4894046735446,4173910,true,265745,1eeadb414471c8f89207118baad01d1a9ec7b05306df0482a79d92d2c615fa99,parallel-1
A,A2,8,9,5,4894046740227,4188809,true,265745,1eeadb414471c8f89207118baad01d1a9ec7b05306df0482a79d92d2c615fa99,parallel-4
A,A2,8,9,0,4894046788624,4344630,true,265745,1eeadb414471c8f89207118baad01d1a9ec7b05306df0482a79d92d2c615fa99,parallel-15
A,A2,8,10,0,4894051277312,260060,true,265745,1eeadb414471c8f89207118baad01d1a9ec7b05306df0482a79d92d2c615fa99,parallel-7
A,A2,8,10,2,4894051281304,263297,true,265745,1eeadb414471c8f89207118baad01d1a9ec7b05306df0482a79d92d2c615fa99,parallel-9
A,A2,8,10,3,4894051306173,271974,true,265745,1eeadb414471c8f89207118baad01d1a9ec7b05306df0482a79d92d2c615fa99,parallel-10
A,A2,8,10,6,4894051318935,302749,true,265745,1eeadb414471c8f89207118baad01d1a9ec7b05306df0482a79d92d2c615fa99,parallel-13
A,A2,8,10,5,4894051332372,294056,true,265745,1eeadb414471c8f89207118baad01d1a9ec7b05306df0482a79d92d2c615fa99,parallel-12
A,A2,8,10,1,4894051347818,281324,true,265745,1eeadb414471c8f89207118baad01d1a9ec7b05306df0482a79d92d2c615fa99,parallel-8
A,A2,8,10,4,4894051359049,447050,true,265745,1eeadb414471c8f89207118baad01d1a9ec7b05306df0482a79d92d2c615fa99,parallel-11
A,A2,8,10,7,4894051567590,268922,true,265745,1eeadb414471c8f89207118baad01d1a9ec7b05306df0482a79d92d2c615fa99,parallel-14
A,A2,8,11,3,4894051961861,269369,true,265745,1eeadb414471c8f89207118baad01d1a9ec7b05306df0482a79d92d2c615fa99,parallel-2
A,A2,8,11,2,4894051960102,309272,true,265745,1eeadb414471c8f89207118baad01d1a9ec7b05306df0482a79d92d2c615fa99,parallel-1
A,A2,8,11,6,4894051989658,289586,true,265745,1eeadb414471c8f89207118baad01d1a9ec7b05306df0482a79d92d2c615fa99,parallel-5
A,A2,8,11,4,4894051973409,341821,true,265745,1eeadb414471c8f89207118baad01d1a9ec7b05306df0482a79d92d2c615fa99,parallel-3
A,A2,8,11,0,4894051975990,345855,true,265745,1eeadb414471c8f89207118baad01d1a9ec7b05306df0482a79d92d2c615fa99,parallel-15
A,A2,8,11,7,4894052304700,258579,true,265745,1eeadb414471c8f89207118baad01d1a9ec7b05306df0482a79d92d2c615fa99,parallel-6
A,A2,8,11,1,4894052082875,529867,true,265745,1eeadb414471c8f89207118baad01d1a9ec7b05306df0482a79d92d2c615fa99,parallel-16
A,A2,8,11,5,4894052303016,403441,true,265745,1eeadb414471c8f89207118baad01d1a9ec7b05306df0482a79d92d2c615fa99,parallel-4
A,A2,8,12,2,4894052967481,269579,true,265745,1eeadb414471c8f89207118baad01d1a9ec7b05306df0482a79d92d2c615fa99,parallel-9
A,A2,8,12,3,4894052970563,271375,true,265745,1eeadb414471c8f89207118baad01d1a9ec7b05306df0482a79d92d2c615fa99,parallel-10
A,A2,8,12,6,4894052819787,444152,true,265745,1eeadb414471c8f89207118baad01d1a9ec7b05306df0482a79d92d2c615fa99,parallel-13
A,A2,8,12,0,4894052989367,286472,true,265745,1eeadb414471c8f89207118baad01d1a9ec7b05306df0482a79d92d2c615fa99,parallel-7
A,A2,8,12,4,4894052992674,308130,true,265745,1eeadb414471c8f89207118baad01d1a9ec7b05306df0482a79d92d2c615fa99,parallel-11
A,A2,8,12,1,4894053305335,278983,true,265745,1eeadb414471c8f89207118baad01d1a9ec7b05306df0482a79d92d2c615fa99,parallel-8
A,A2,8,12,7,4894053050232,555807,true,265745,1eeadb414471c8f89207118baad01d1a9ec7b05306df0482a79d92d2c615fa99,parallel-14
A,A2,8,12,5,4894053291270,317514,true,265745,1eeadb414471c8f89207118baad01d1a9ec7b05306df0482a79d92d2c615fa99,parallel-12
A,A2,8,13,4,4894053710975,273515,true,265745,1eeadb414471c8f89207118baad01d1a9ec7b05306df0482a79d92d2c615fa99,parallel-3
A,A2,8,13,2,4894053709612,286091,true,265745,1eeadb414471c8f89207118baad01d1a9ec7b05306df0482a79d92d2c615fa99,parallel-1
A,A2,8,13,1,4894053710887,293180,true,265745,1eeadb414471c8f89207118baad01d1a9ec7b05306df0482a79d92d2c615fa99,parallel-16
A,A2,8,13,0,4894053724876,289480,true,265745,1eeadb414471c8f89207118baad01d1a9ec7b05306df0482a79d92d2c615fa99,parallel-15
A,A2,8,13,5,4894053832840,262318,true,265745,1eeadb414471c8f89207118baad01d1a9ec7b05306df0482a79d92d2c615fa99,parallel-4
A,A2,8,13,3,4894053713421,469281,true,265745,1eeadb414471c8f89207118baad01d1a9ec7b05306df0482a79d92d2c615fa99,parallel-2
A,A2,8,13,7,4894054020366,264682,true,265745,1eeadb414471c8f89207118baad01d1a9ec7b05306df0482a79d92d2c615fa99,parallel-6
A,A2,8,13,6,4894053895458,419683,true,265745,1eeadb414471c8f89207118baad01d1a9ec7b05306df0482a79d92d2c615fa99,parallel-5
A,A3,1,4,0,4894055662741,263821,true,265745,1eeadb414471c8f89207118baad01d1a9ec7b05306df0482a79d92d2c615fa99,parallel-10
A,A3,1,5,0,4894056073302,299691,true,265745,1eeadb414471c8f89207118baad01d1a9ec7b05306df0482a79d92d2c615fa99,parallel-11
A,A3,1,6,0,4894056483850,278036,true,265745,1eeadb414471c8f89207118baad01d1a9ec7b05306df0482a79d92d2c615fa99,parallel-12
A,A3,1,7,0,4894056931052,280314,true,265745,1eeadb414471c8f89207118baad01d1a9ec7b05306df0482a79d92d2c615fa99,parallel-13
A,A3,1,8,0,4894057411179,285275,true,265745,1eeadb414471c8f89207118baad01d1a9ec7b05306df0482a79d92d2c615fa99,parallel-14
A,A3,1,9,0,4894057813505,272236,true,265745,1eeadb414471c8f89207118baad01d1a9ec7b05306df0482a79d92d2c615fa99,parallel-15
A,A3,1,10,0,4894058202345,326564,true,265745,1eeadb414471c8f89207118baad01d1a9ec7b05306df0482a79d92d2c615fa99,parallel-16
A,A3,1,11,0,4894058668759,287029,true,265745,1eeadb414471c8f89207118baad01d1a9ec7b05306df0482a79d92d2c615fa99,parallel-1
A,A3,1,12,0,4894059081779,287667,true,265745,1eeadb414471c8f89207118baad01d1a9ec7b05306df0482a79d92d2c615fa99,parallel-2
A,A3,1,13,0,4894059423144,280595,true,265745,1eeadb414471c8f89207118baad01d1a9ec7b05306df0482a79d92d2c615fa99,parallel-3
A,A3,2,4,0,4894061187997,269747,true,265745,1eeadb414471c8f89207118baad01d1a9ec7b05306df0482a79d92d2c615fa99,parallel-10
A,A3,2,4,1,4894061203967,298409,true,265745,1eeadb414471c8f89207118baad01d1a9ec7b05306df0482a79d92d2c615fa99,parallel-11
A,A3,2,5,0,4894061590013,286061,true,265745,1eeadb414471c8f89207118baad01d1a9ec7b05306df0482a79d92d2c615fa99,parallel-12
A,A3,2,5,1,4894061603946,286276,true,265745,1eeadb414471c8f89207118baad01d1a9ec7b05306df0482a79d92d2c615fa99,parallel-13
A,A3,2,6,1,4894061958089,300997,true,265745,1eeadb414471c8f89207118baad01d1a9ec7b05306df0482a79d92d2c615fa99,parallel-15
A,A3,2,6,0,4894061984536,285071,true,265745,1eeadb414471c8f89207118baad01d1a9ec7b05306df0482a79d92d2c615fa99,parallel-14
A,A3,2,7,0,4894062333622,289171,true,265745,1eeadb414471c8f89207118baad01d1a9ec7b05306df0482a79d92d2c615fa99,parallel-16
A,A3,2,7,1,4894062355443,297606,true,265745,1eeadb414471c8f89207118baad01d1a9ec7b05306df0482a79d92d2c615fa99,parallel-1
A,A3,2,8,0,4894062780050,267822,true,265745,1eeadb414471c8f89207118baad01d1a9ec7b05306df0482a79d92d2c615fa99,parallel-2
A,A3,2,8,1,4894062799406,291724,true,265745,1eeadb414471c8f89207118baad01d1a9ec7b05306df0482a79d92d2c615fa99,parallel-3
A,A3,2,9,0,4894063191265,280768,true,265745,1eeadb414471c8f89207118baad01d1a9ec7b05306df0482a79d92d2c615fa99,parallel-4
A,A3,2,9,1,4894063214328,275182,true,265745,1eeadb414471c8f89207118baad01d1a9ec7b05306df0482a79d92d2c615fa99,parallel-5
A,A3,2,10,0,4894063603504,300860,true,265745,1eeadb414471c8f89207118baad01d1a9ec7b05306df0482a79d92d2c615fa99,parallel-6
A,A3,2,10,1,4894063594541,381644,true,265745,1eeadb414471c8f89207118baad01d1a9ec7b05306df0482a79d92d2c615fa99,parallel-7
A,A3,2,11,0,4894064120265,291056,true,265745,1eeadb414471c8f89207118baad01d1a9ec7b05306df0482a79d92d2c615fa99,parallel-8
A,A3,2,11,1,4894064142292,287121,true,265745,1eeadb414471c8f89207118baad01d1a9ec7b05306df0482a79d92d2c615fa99,parallel-9
A,A3,2,12,0,4894064522651,272521,true,265745,1eeadb414471c8f89207118baad01d1a9ec7b05306df0482a79d92d2c615fa99,parallel-10
A,A3,2,12,1,4894064555532,290859,true,265745,1eeadb414471c8f89207118baad01d1a9ec7b05306df0482a79d92d2c615fa99,parallel-11
A,A3,2,13,1,4894064977708,294603,true,265745,1eeadb414471c8f89207118baad01d1a9ec7b05306df0482a79d92d2c615fa99,parallel-13
A,A3,2,13,0,4894064966086,314362,true,265745,1eeadb414471c8f89207118baad01d1a9ec7b05306df0482a79d92d2c615fa99,parallel-12
A,A3,4,4,0,4894066890705,270238,true,265745,1eeadb414471c8f89207118baad01d1a9ec7b05306df0482a79d92d2c615fa99,parallel-10
A,A3,4,4,3,4894066914432,273131,true,265745,1eeadb414471c8f89207118baad01d1a9ec7b05306df0482a79d92d2c615fa99,parallel-13
A,A3,4,4,2,4894066941873,282293,true,265745,1eeadb414471c8f89207118baad01d1a9ec7b05306df0482a79d92d2c615fa99,parallel-12
A,A3,4,4,1,4894066937990,325419,true,265745,1eeadb414471c8f89207118baad01d1a9ec7b05306df0482a79d92d2c615fa99,parallel-11
A,A3,4,5,0,4894067392949,282044,true,265745,1eeadb414471c8f89207118baad01d1a9ec7b05306df0482a79d92d2c615fa99,parallel-14
A,A3,4,5,3,4894067408122,270805,true,265745,1eeadb414471c8f89207118baad01d1a9ec7b05306df0482a79d92d2c615fa99,parallel-1
A,A3,4,5,1,4894067415665,288927,true,265745,1eeadb414471c8f89207118baad01d1a9ec7b05306df0482a79d92d2c615fa99,parallel-15
A,A3,4,5,2,4894067418058,314206,true,265745,1eeadb414471c8f89207118baad01d1a9ec7b05306df0482a79d92d2c615fa99,parallel-16
A,A3,4,6,0,4894067829677,267507,true,265745,1eeadb414471c8f89207118baad01d1a9ec7b05306df0482a79d92d2c615fa99,parallel-2
A,A3,4,6,3,4894067834602,289127,true,265745,1eeadb414471c8f89207118baad01d1a9ec7b05306df0482a79d92d2c615fa99,parallel-5
A,A3,4,6,1,4894067844036,296142,true,265745,1eeadb414471c8f89207118baad01d1a9ec7b05306df0482a79d92d2c615fa99,parallel-3
A,A3,4,6,2,4894067878189,318133,true,265745,1eeadb414471c8f89207118baad01d1a9ec7b05306df0482a79d92d2c615fa99,parallel-4
A,A3,4,7,3,4894068291493,261493,true,265745,1eeadb414471c8f89207118baad01d1a9ec7b05306df0482a79d92d2c615fa99,parallel-9
A,A3,4,7,0,4894068291855,270271,true,265745,1eeadb414471c8f89207118baad01d1a9ec7b05306df0482a79d92d2c615fa99,parallel-6
A,A3,4,7,1,4894068310394,289486,true,265745,1eeadb414471c8f89207118baad01d1a9ec7b05306df0482a79d92d2c615fa99,parallel-7
A,A3,4,7,2,4894068315373,324512,true,265745,1eeadb414471c8f89207118baad01d1a9ec7b05306df0482a79d92d2c615fa99,parallel-8
A,A3,4,8,0,4894068721255,260251,true,265745,1eeadb414471c8f89207118baad01d1a9ec7b05306df0482a79d92d2c615fa99,parallel-10
A,A3,4,8,1,4894068738687,278472,true,265745,1eeadb414471c8f89207118baad01d1a9ec7b05306df0482a79d92d2c615fa99,parallel-11
A,A3,4,8,2,4894068758996,284778,true,265745,1eeadb414471c8f89207118baad01d1a9ec7b05306df0482a79d92d2c615fa99,parallel-12
A,A3,4,8,3,4894068769593,308685,true,265745,1eeadb414471c8f89207118baad01d1a9ec7b05306df0482a79d92d2c615fa99,parallel-13
A,A3,4,9,1,4894069146464,265757,true,265745,1eeadb414471c8f89207118baad01d1a9ec7b05306df0482a79d92d2c615fa99,parallel-15
A,A3,4,9,0,4894069159822,265462,true,265745,1eeadb414471c8f89207118baad01d1a9ec7b05306df0482a79d92d2c615fa99,parallel-14
A,A3,4,9,3,4894069188267,283995,true,265745,1eeadb414471c8f89207118baad01d1a9ec7b05306df0482a79d92d2c615fa99,parallel-1
A,A3,4,9,2,4894069173595,310870,true,265745,1eeadb414471c8f89207118baad01d1a9ec7b05306df0482a79d92d2c615fa99,parallel-16
A,A3,4,10,0,4894069569956,267000,true,265745,1eeadb414471c8f89207118baad01d1a9ec7b05306df0482a79d92d2c615fa99,parallel-2
A,A3,4,10,1,4894069578223,305480,true,265745,1eeadb414471c8f89207118baad01d1a9ec7b05306df0482a79d92d2c615fa99,parallel-3
A,A3,4,10,2,4894069610387,289767,true,265745,1eeadb414471c8f89207118baad01d1a9ec7b05306df0482a79d92d2c615fa99,parallel-4
A,A3,4,10,3,4894069697824,289654,true,265745,1eeadb414471c8f89207118baad01d1a9ec7b05306df0482a79d92d2c615fa99,parallel-5
A,A3,4,11,1,4894070088945,257878,true,265745,1eeadb414471c8f89207118baad01d1a9ec7b05306df0482a79d92d2c615fa99,parallel-7
A,A3,4,11,0,4894070102902,292346,true,265745,1eeadb414471c8f89207118baad01d1a9ec7b05306df0482a79d92d2c615fa99,parallel-6
A,A3,4,11,2,4894070136470,306175,true,265745,1eeadb414471c8f89207118baad01d1a9ec7b05306df0482a79d92d2c615fa99,parallel-8
A,A3,4,11,3,4894070110706,331322,true,265745,1eeadb414471c8f89207118baad01d1a9ec7b05306df0482a79d92d2c615fa99,parallel-9
A,A3,4,12,0,4894070542794,281652,true,265745,1eeadb414471c8f89207118baad01d1a9ec7b05306df0482a79d92d2c615fa99,parallel-10
A,A3,4,12,2,4894070564243,268685,true,265745,1eeadb414471c8f89207118baad01d1a9ec7b05306df0482a79d92d2c615fa99,parallel-12
A,A3,4,12,1,4894070556740,328047,true,265745,1eeadb414471c8f89207118baad01d1a9ec7b05306df0482a79d92d2c615fa99,parallel-11
A,A3,4,12,3,4894070601952,300339,true,265745,1eeadb414471c8f89207118baad01d1a9ec7b05306df0482a79d92d2c615fa99,parallel-13
A,A3,4,13,0,4894070989205,261222,true,265745,1eeadb414471c8f89207118baad01d1a9ec7b05306df0482a79d92d2c615fa99,parallel-14
A,A3,4,13,3,4894071015474,291624,true,265745,1eeadb414471c8f89207118baad01d1a9ec7b05306df0482a79d92d2c615fa99,parallel-1
A,A3,4,13,1,4894071000356,318274,true,265745,1eeadb414471c8f89207118baad01d1a9ec7b05306df0482a79d92d2c615fa99,parallel-15
A,A3,4,13,2,4894071016534,359123,true,265745,1eeadb414471c8f89207118baad01d1a9ec7b05306df0482a79d92d2c615fa99,parallel-16
A,A3,8,4,0,4894076280845,266506,true,265745,1eeadb414471c8f89207118baad01d1a9ec7b05306df0482a79d92d2c615fa99,parallel-10
A,A3,8,4,2,4894076284557,308807,true,265745,1eeadb414471c8f89207118baad01d1a9ec7b05306df0482a79d92d2c615fa99,parallel-12
A,A3,8,4,3,4894076293337,301197,true,265745,1eeadb414471c8f89207118baad01d1a9ec7b05306df0482a79d92d2c615fa99,parallel-13
A,A3,8,4,7,4894076294616,301434,true,265745,1eeadb414471c8f89207118baad01d1a9ec7b05306df0482a79d92d2c615fa99,parallel-1
A,A3,8,4,1,4894076322500,304335,true,265745,1eeadb414471c8f89207118baad01d1a9ec7b05306df0482a79d92d2c615fa99,parallel-11
A,A3,8,4,4,4894076340889,473088,true,265745,1eeadb414471c8f89207118baad01d1a9ec7b05306df0482a79d92d2c615fa99,parallel-14
A,A3,8,4,6,4894076571515,269325,true,265745,1eeadb414471c8f89207118baad01d1a9ec7b05306df0482a79d92d2c615fa99,parallel-16
A,A3,8,4,5,4894076624639,274141,true,265745,1eeadb414471c8f89207118baad01d1a9ec7b05306df0482a79d92d2c615fa99,parallel-15
A,A3,8,5,1,4894077042730,262476,true,265745,1eeadb414471c8f89207118baad01d1a9ec7b05306df0482a79d92d2c615fa99,parallel-3
A,A3,8,5,0,4894077059837,270098,true,265745,1eeadb414471c8f89207118baad01d1a9ec7b05306df0482a79d92d2c615fa99,parallel-2
A,A3,8,5,3,4894077063129,285853,true,265745,1eeadb414471c8f89207118baad01d1a9ec7b05306df0482a79d92d2c615fa99,parallel-5
A,A3,8,5,2,4894077089013,272191,true,265745,1eeadb414471c8f89207118baad01d1a9ec7b05306df0482a79d92d2c615fa99,parallel-4
A,A3,8,5,4,4894077109306,273152,true,265745,1eeadb414471c8f89207118baad01d1a9ec7b05306df0482a79d92d2c615fa99,parallel-6
A,A3,8,5,7,4894077203434,394258,true,265745,1eeadb414471c8f89207118baad01d1a9ec7b05306df0482a79d92d2c615fa99,parallel-9
A,A3,8,5,6,4894077320382,293637,true,265745,1eeadb414471c8f89207118baad01d1a9ec7b05306df0482a79d92d2c615fa99,parallel-8
A,A3,8,5,5,4894077374099,280748,true,265745,1eeadb414471c8f89207118baad01d1a9ec7b05306df0482a79d92d2c615fa99,parallel-7
A,A3,8,6,4,4894077760661,267214,true,265745,1eeadb414471c8f89207118baad01d1a9ec7b05306df0482a79d92d2c615fa99,parallel-14
A,A3,8,6,0,4894077749725,284163,true,265745,1eeadb414471c8f89207118baad01d1a9ec7b05306df0482a79d92d2c615fa99,parallel-10
A,A3,8,6,2,4894077762356,280287,true,265745,1eeadb414471c8f89207118baad01d1a9ec7b05306df0482a79d92d2c615fa99,parallel-12
A,A3,8,6,3,4894077798051,276067,true,265745,1eeadb414471c8f89207118baad01d1a9ec7b05306df0482a79d92d2c615fa99,parallel-13
A,A3,8,6,6,4894077818291,289354,true,265745,1eeadb414471c8f89207118baad01d1a9ec7b05306df0482a79d92d2c615fa99,parallel-16
A,A3,8,6,5,4894077821634,442873,true,265745,1eeadb414471c8f89207118baad01d1a9ec7b05306df0482a79d92d2c615fa99,parallel-15
A,A3,8,6,7,4894078052621,275847,true,265745,1eeadb414471c8f89207118baad01d1a9ec7b05306df0482a79d92d2c615fa99,parallel-1
A,A3,8,6,1,4894078058174,273353,true,265745,1eeadb414471c8f89207118baad01d1a9ec7b05306df0482a79d92d2c615fa99,parallel-11
A,A3,8,7,2,4894078548147,266008,true,265745,1eeadb414471c8f89207118baad01d1a9ec7b05306df0482a79d92d2c615fa99,parallel-4
A,A3,8,7,3,4894078578492,269880,true,265745,1eeadb414471c8f89207118baad01d1a9ec7b05306df0482a79d92d2c615fa99,parallel-5
A,A3,8,7,4,4894078639650,277035,true,265745,1eeadb414471c8f89207118baad01d1a9ec7b05306df0482a79d92d2c615fa99,parallel-6
A,A3,8,7,6,4894078617209,344673,true,265745,1eeadb414471c8f89207118baad01d1a9ec7b05306df0482a79d92d2c615fa99,parallel-8
A,A3,8,7,7,4894078836523,277128,true,265745,1eeadb414471c8f89207118baad01d1a9ec7b05306df0482a79d92d2c615fa99,parallel-9
A,A3,8,7,0,4894078561718,559375,true,265745,1eeadb414471c8f89207118baad01d1a9ec7b05306df0482a79d92d2c615fa99,parallel-2
A,A3,8,7,1,4894078614507,553826,true,265745,1eeadb414471c8f89207118baad01d1a9ec7b05306df0482a79d92d2c615fa99,parallel-3
A,A3,8,7,5,4894078868610,323261,true,265745,1eeadb414471c8f89207118baad01d1a9ec7b05306df0482a79d92d2c615fa99,parallel-7
A,A3,8,8,0,4894079314468,267107,true,265745,1eeadb414471c8f89207118baad01d1a9ec7b05306df0482a79d92d2c615fa99,parallel-10
A,A3,8,8,6,4894079327565,286538,true,265745,1eeadb414471c8f89207118baad01d1a9ec7b05306df0482a79d92d2c615fa99,parallel-16
A,A3,8,8,5,4894079335545,290890,true,265745,1eeadb414471c8f89207118baad01d1a9ec7b05306df0482a79d92d2c615fa99,parallel-15
A,A3,8,8,7,4894079415701,274202,true,265745,1eeadb414471c8f89207118baad01d1a9ec7b05306df0482a79d92d2c615fa99,parallel-1
A,A3,8,8,1,4894079333730,448124,true,265745,1eeadb414471c8f89207118baad01d1a9ec7b05306df0482a79d92d2c615fa99,parallel-11
A,A3,8,8,2,4894079532337,267167,true,265745,1eeadb414471c8f89207118baad01d1a9ec7b05306df0482a79d92d2c615fa99,parallel-12
A,A3,8,8,3,4894079311094,566130,true,265745,1eeadb414471c8f89207118baad01d1a9ec7b05306df0482a79d92d2c615fa99,parallel-13
A,A3,8,8,4,4894079585890,437412,true,265745,1eeadb414471c8f89207118baad01d1a9ec7b05306df0482a79d92d2c615fa99,parallel-14
A,A3,8,9,1,4894080148889,274117,true,265745,1eeadb414471c8f89207118baad01d1a9ec7b05306df0482a79d92d2c615fa99,parallel-3
A,A3,8,9,3,4894080174438,310755,true,265745,1eeadb414471c8f89207118baad01d1a9ec7b05306df0482a79d92d2c615fa99,parallel-5
A,A3,8,9,2,4894080170567,325413,true,265745,1eeadb414471c8f89207118baad01d1a9ec7b05306df0482a79d92d2c615fa99,parallel-4
A,A3,8,9,0,4894080147340,516070,true,265745,1eeadb414471c8f89207118baad01d1a9ec7b05306df0482a79d92d2c615fa99,parallel-2
A,A3,8,9,5,4894080489915,271215,true,265745,1eeadb414471c8f89207118baad01d1a9ec7b05306df0482a79d92d2c615fa99,parallel-7
A,A3,8,9,7,4894080522904,270138,true,265745,1eeadb414471c8f89207118baad01d1a9ec7b05306df0482a79d92d2c615fa99,parallel-9
A,A3,8,9,6,4894080473636,333137,true,265745,1eeadb414471c8f89207118baad01d1a9ec7b05306df0482a79d92d2c615fa99,parallel-8
A,A3,8,9,4,4894080263634,690751,true,265745,1eeadb414471c8f89207118baad01d1a9ec7b05306df0482a79d92d2c615fa99,parallel-6
A,A3,8,10,1,4894081169585,276363,true,265745,1eeadb414471c8f89207118baad01d1a9ec7b05306df0482a79d92d2c615fa99,parallel-11
A,A3,8,10,2,4894081194675,275575,true,265745,1eeadb414471c8f89207118baad01d1a9ec7b05306df0482a79d92d2c615fa99,parallel-12
A,A3,8,10,6,4894081260551,279471,true,265745,1eeadb414471c8f89207118baad01d1a9ec7b05306df0482a79d92d2c615fa99,parallel-16
A,A3,8,10,5,4894081315123,276022,true,265745,1eeadb414471c8f89207118baad01d1a9ec7b05306df0482a79d92d2c615fa99,parallel-15
A,A3,8,10,7,4894081509436,351513,true,265745,1eeadb414471c8f89207118baad01d1a9ec7b05306df0482a79d92d2c615fa99,parallel-1
A,A3,8,10,3,4894081595772,275060,true,265745,1eeadb414471c8f89207118baad01d1a9ec7b05306df0482a79d92d2c615fa99,parallel-13
A,A3,8,10,4,4894081302918,684958,true,265745,1eeadb414471c8f89207118baad01d1a9ec7b05306df0482a79d92d2c615fa99,parallel-14
A,A3,8,10,0,4894081208857,919118,true,265745,1eeadb414471c8f89207118baad01d1a9ec7b05306df0482a79d92d2c615fa99,parallel-10
A,A3,8,11,3,4894082305104,284753,true,265745,1eeadb414471c8f89207118baad01d1a9ec7b05306df0482a79d92d2c615fa99,parallel-5
A,A3,8,11,6,4894082367144,281771,true,265745,1eeadb414471c8f89207118baad01d1a9ec7b05306df0482a79d92d2c615fa99,parallel-8
A,A3,8,11,2,4894082304903,435016,true,265745,1eeadb414471c8f89207118baad01d1a9ec7b05306df0482a79d92d2c615fa99,parallel-4
A,A3,8,11,5,4894082634036,267902,true,265745,1eeadb414471c8f89207118baad01d1a9ec7b05306df0482a79d92d2c615fa99,parallel-7
A,A3,8,11,0,4894082267363,756660,true,265745,1eeadb414471c8f89207118baad01d1a9ec7b05306df0482a79d92d2c615fa99,parallel-2
A,A3,8,11,1,4894082326790,715273,true,265745,1eeadb414471c8f89207118baad01d1a9ec7b05306df0482a79d92d2c615fa99,parallel-3
A,A3,8,11,4,4894082565131,536416,true,265745,1eeadb414471c8f89207118baad01d1a9ec7b05306df0482a79d92d2c615fa99,parallel-6
A,A3,8,11,7,4894082501388,705459,true,265745,1eeadb414471c8f89207118baad01d1a9ec7b05306df0482a79d92d2c615fa99,parallel-9
A,A3,8,12,0,4894083343219,268314,true,265745,1eeadb414471c8f89207118baad01d1a9ec7b05306df0482a79d92d2c615fa99,parallel-10
A,A3,8,12,3,4894083364543,268199,true,265745,1eeadb414471c8f89207118baad01d1a9ec7b05306df0482a79d92d2c615fa99,parallel-13
A,A3,8,12,4,4894083374000,285987,true,265745,1eeadb414471c8f89207118baad01d1a9ec7b05306df0482a79d92d2c615fa99,parallel-14
A,A3,8,12,2,4894083377560,284929,true,265745,1eeadb414471c8f89207118baad01d1a9ec7b05306df0482a79d92d2c615fa99,parallel-12
A,A3,8,12,1,4894083417230,467923,true,265745,1eeadb414471c8f89207118baad01d1a9ec7b05306df0482a79d92d2c615fa99,parallel-11
A,A3,8,12,5,4894083658525,264981,true,265745,1eeadb414471c8f89207118baad01d1a9ec7b05306df0482a79d92d2c615fa99,parallel-15
A,A3,8,12,7,4894083691619,289212,true,265745,1eeadb414471c8f89207118baad01d1a9ec7b05306df0482a79d92d2c615fa99,parallel-1
A,A3,8,12,6,4894083717310,299287,true,265745,1eeadb414471c8f89207118baad01d1a9ec7b05306df0482a79d92d2c615fa99,parallel-16
A,A3,8,13,3,4894084119061,282418,true,265745,1eeadb414471c8f89207118baad01d1a9ec7b05306df0482a79d92d2c615fa99,parallel-5
A,A3,8,13,4,4894084132434,298584,true,265745,1eeadb414471c8f89207118baad01d1a9ec7b05306df0482a79d92d2c615fa99,parallel-6
A,A3,8,13,1,4894084164288,300051,true,265745,1eeadb414471c8f89207118baad01d1a9ec7b05306df0482a79d92d2c615fa99,parallel-3
A,A3,8,13,0,4894084114364,385750,true,265745,1eeadb414471c8f89207118baad01d1a9ec7b05306df0482a79d92d2c615fa99,parallel-2
A,A3,8,13,6,4894084326507,274313,true,265745,1eeadb414471c8f89207118baad01d1a9ec7b05306df0482a79d92d2c615fa99,parallel-8
A,A3,8,13,2,4894084166629,508952,true,265745,1eeadb414471c8f89207118baad01d1a9ec7b05306df0482a79d92d2c615fa99,parallel-4
A,A3,8,13,7,4894084414021,289009,true,265745,1eeadb414471c8f89207118baad01d1a9ec7b05306df0482a79d92d2c615fa99,parallel-9
A,A3,8,13,5,4894084314570,447484,true,265745,1eeadb414471c8f89207118baad01d1a9ec7b05306df0482a79d92d2c615fa99,parallel-7
B,B3,1,4,0,4894087037985,308595,true,265745,1eeadb414471c8f89207118baad01d1a9ec7b05306df0482a79d92d2c615fa99,exp154-decode-52
B,B3,1,5,0,4894087735382,291395,true,265745,1eeadb414471c8f89207118baad01d1a9ec7b05306df0482a79d92d2c615fa99,exp154-decode-53
B,B3,1,6,0,4894088612769,285508,true,265745,1eeadb414471c8f89207118baad01d1a9ec7b05306df0482a79d92d2c615fa99,exp154-decode-54
B,B3,1,7,0,4894089216992,276635,true,265745,1eeadb414471c8f89207118baad01d1a9ec7b05306df0482a79d92d2c615fa99,exp154-decode-55
B,B3,1,8,0,4894089786558,274863,true,265745,1eeadb414471c8f89207118baad01d1a9ec7b05306df0482a79d92d2c615fa99,exp154-decode-56
B,B3,1,9,0,4894090353301,275058,true,265745,1eeadb414471c8f89207118baad01d1a9ec7b05306df0482a79d92d2c615fa99,exp154-decode-57
B,B3,1,10,0,4894090933922,276987,true,265745,1eeadb414471c8f89207118baad01d1a9ec7b05306df0482a79d92d2c615fa99,exp154-decode-58
B,B3,1,11,0,4894091509398,300758,true,265745,1eeadb414471c8f89207118baad01d1a9ec7b05306df0482a79d92d2c615fa99,exp154-decode-59
B,B3,1,12,0,4894092107339,300335,true,265745,1eeadb414471c8f89207118baad01d1a9ec7b05306df0482a79d92d2c615fa99,exp154-decode-60
B,B3,1,13,0,4894092657169,275242,true,265745,1eeadb414471c8f89207118baad01d1a9ec7b05306df0482a79d92d2c615fa99,exp154-decode-61
B,B3,2,4,1,4894094614027,263680,true,265745,1eeadb414471c8f89207118baad01d1a9ec7b05306df0482a79d92d2c615fa99,exp154-decode-53
B,B3,2,4,0,4894094644696,296896,true,265745,1eeadb414471c8f89207118baad01d1a9ec7b05306df0482a79d92d2c615fa99,exp154-decode-52
B,B3,2,5,0,4894095017639,300819,true,265745,1eeadb414471c8f89207118baad01d1a9ec7b05306df0482a79d92d2c615fa99,exp154-decode-54
B,B3,2,5,1,4894095050312,328607,true,265745,1eeadb414471c8f89207118baad01d1a9ec7b05306df0482a79d92d2c615fa99,exp154-decode-55
B,B3,2,6,1,4894095444522,271073,true,265745,1eeadb414471c8f89207118baad01d1a9ec7b05306df0482a79d92d2c615fa99,exp154-decode-57
B,B3,2,6,0,4894095447862,280543,true,265745,1eeadb414471c8f89207118baad01d1a9ec7b05306df0482a79d92d2c615fa99,exp154-decode-56
B,B3,2,7,1,4894095791813,301091,true,265745,1eeadb414471c8f89207118baad01d1a9ec7b05306df0482a79d92d2c615fa99,exp154-decode-59
B,B3,2,7,0,4894095798610,332868,true,265745,1eeadb414471c8f89207118baad01d1a9ec7b05306df0482a79d92d2c615fa99,exp154-decode-58
B,B3,2,8,0,4894096192781,278683,true,265745,1eeadb414471c8f89207118baad01d1a9ec7b05306df0482a79d92d2c615fa99,exp154-decode-60
B,B3,2,8,1,4894096192432,292846,true,265745,1eeadb414471c8f89207118baad01d1a9ec7b05306df0482a79d92d2c615fa99,exp154-decode-61
B,B3,2,9,0,4894096530128,269669,true,265745,1eeadb414471c8f89207118baad01d1a9ec7b05306df0482a79d92d2c615fa99,exp154-decode-62
B,B3,2,9,1,4894096556115,282544,true,265745,1eeadb414471c8f89207118baad01d1a9ec7b05306df0482a79d92d2c615fa99,exp154-decode-63
B,B3,2,10,0,4894096884606,269436,true,265745,1eeadb414471c8f89207118baad01d1a9ec7b05306df0482a79d92d2c615fa99,exp154-decode-64
B,B3,2,10,1,4894096893161,364495,true,265745,1eeadb414471c8f89207118baad01d1a9ec7b05306df0482a79d92d2c615fa99,exp154-decode-49
B,B3,2,11,0,4894097349978,302425,true,265745,1eeadb414471c8f89207118baad01d1a9ec7b05306df0482a79d92d2c615fa99,exp154-decode-50
B,B3,2,11,1,4894097341825,328737,true,265745,1eeadb414471c8f89207118baad01d1a9ec7b05306df0482a79d92d2c615fa99,exp154-decode-51
B,B3,2,12,1,4894097757155,285796,true,265745,1eeadb414471c8f89207118baad01d1a9ec7b05306df0482a79d92d2c615fa99,exp154-decode-53
B,B3,2,12,0,4894097764351,296362,true,265745,1eeadb414471c8f89207118baad01d1a9ec7b05306df0482a79d92d2c615fa99,exp154-decode-52
B,B3,2,13,0,4894098145249,8627139,true,265745,1eeadb414471c8f89207118baad01d1a9ec7b05306df0482a79d92d2c615fa99,exp154-decode-54
B,B3,2,13,1,4894098185226,8639510,true,265745,1eeadb414471c8f89207118baad01d1a9ec7b05306df0482a79d92d2c615fa99,exp154-decode-55
B,B3,4,4,2,4894108288768,265657,true,265745,1eeadb414471c8f89207118baad01d1a9ec7b05306df0482a79d92d2c615fa99,exp154-decode-54
B,B3,4,4,1,4894108294233,272087,true,265745,1eeadb414471c8f89207118baad01d1a9ec7b05306df0482a79d92d2c615fa99,exp154-decode-53
B,B3,4,4,0,4894108290236,281974,true,265745,1eeadb414471c8f89207118baad01d1a9ec7b05306df0482a79d92d2c615fa99,exp154-decode-52
B,B3,4,4,3,4894108309737,277140,true,265745,1eeadb414471c8f89207118baad01d1a9ec7b05306df0482a79d92d2c615fa99,exp154-decode-55
B,B3,4,5,0,4894108659797,268254,true,265745,1eeadb414471c8f89207118baad01d1a9ec7b05306df0482a79d92d2c615fa99,exp154-decode-56
B,B3,4,5,2,4894108671603,287229,true,265745,1eeadb414471c8f89207118baad01d1a9ec7b05306df0482a79d92d2c615fa99,exp154-decode-58
B,B3,4,5,3,4894108690978,291607,true,265745,1eeadb414471c8f89207118baad01d1a9ec7b05306df0482a79d92d2c615fa99,exp154-decode-59
B,B3,4,5,1,4894108662514,336840,true,265745,1eeadb414471c8f89207118baad01d1a9ec7b05306df0482a79d92d2c615fa99,exp154-decode-57
B,B3,4,6,0,4894109048828,267331,true,265745,1eeadb414471c8f89207118baad01d1a9ec7b05306df0482a79d92d2c615fa99,exp154-decode-60
B,B3,4,6,2,4894109063026,267902,true,265745,1eeadb414471c8f89207118baad01d1a9ec7b05306df0482a79d92d2c615fa99,exp154-decode-62
B,B3,4,6,1,4894109070536,286476,true,265745,1eeadb414471c8f89207118baad01d1a9ec7b05306df0482a79d92d2c615fa99,exp154-decode-61
B,B3,4,6,3,4894109066636,290581,true,265745,1eeadb414471c8f89207118baad01d1a9ec7b05306df0482a79d92d2c615fa99,exp154-decode-63
B,B3,4,7,0,4894109434459,266069,true,265745,1eeadb414471c8f89207118baad01d1a9ec7b05306df0482a79d92d2c615fa99,exp154-decode-64
B,B3,4,7,2,4894109438893,263244,true,265745,1eeadb414471c8f89207118baad01d1a9ec7b05306df0482a79d92d2c615fa99,exp154-decode-50
B,B3,4,7,3,4894109451189,284590,true,265745,1eeadb414471c8f89207118baad01d1a9ec7b05306df0482a79d92d2c615fa99,exp154-decode-51
B,B3,4,7,1,4894109447582,297796,true,265745,1eeadb414471c8f89207118baad01d1a9ec7b05306df0482a79d92d2c615fa99,exp154-decode-49
B,B3,4,8,1,4894109788687,266270,true,265745,1eeadb414471c8f89207118baad01d1a9ec7b05306df0482a79d92d2c615fa99,exp154-decode-53
B,B3,4,8,0,4894109788210,270242,true,265745,1eeadb414471c8f89207118baad01d1a9ec7b05306df0482a79d92d2c615fa99,exp154-decode-52
B,B3,4,8,2,4894109799006,278633,true,265745,1eeadb414471c8f89207118baad01d1a9ec7b05306df0482a79d92d2c615fa99,exp154-decode-54
B,B3,4,8,3,4894109802824,283591,true,265745,1eeadb414471c8f89207118baad01d1a9ec7b05306df0482a79d92d2c615fa99,exp154-decode-55
B,B3,4,9,1,4894110131829,267417,true,265745,1eeadb414471c8f89207118baad01d1a9ec7b05306df0482a79d92d2c615fa99,exp154-decode-57
B,B3,4,9,0,4894110127979,280141,true,265745,1eeadb414471c8f89207118baad01d1a9ec7b05306df0482a79d92d2c615fa99,exp154-decode-56
B,B3,4,9,2,4894110136432,274840,true,265745,1eeadb414471c8f89207118baad01d1a9ec7b05306df0482a79d92d2c615fa99,exp154-decode-58
B,B3,4,9,3,4894110138490,276641,true,265745,1eeadb414471c8f89207118baad01d1a9ec7b05306df0482a79d92d2c615fa99,exp154-decode-59
B,B3,4,10,0,4894110456494,265131,true,265745,1eeadb414471c8f89207118baad01d1a9ec7b05306df0482a79d92d2c615fa99,exp154-decode-60
B,B3,4,10,3,4894110462295,273451,true,265745,1eeadb414471c8f89207118baad01d1a9ec7b05306df0482a79d92d2c615fa99,exp154-decode-63
B,B3,4,10,2,4894110463599,275078,true,265745,1eeadb414471c8f89207118baad01d1a9ec7b05306df0482a79d92d2c615fa99,exp154-decode-62
B,B3,4,10,1,4894110462545,279055,true,265745,1eeadb414471c8f89207118baad01d1a9ec7b05306df0482a79d92d2c615fa99,exp154-decode-61
B,B3,4,11,0,4894110815128,267289,true,265745,1eeadb414471c8f89207118baad01d1a9ec7b05306df0482a79d92d2c615fa99,exp154-decode-64
B,B3,4,11,1,4894110818517,272365,true,265745,1eeadb414471c8f89207118baad01d1a9ec7b05306df0482a79d92d2c615fa99,exp154-decode-49
B,B3,4,11,2,4894110824670,270878,true,265745,1eeadb414471c8f89207118baad01d1a9ec7b05306df0482a79d92d2c615fa99,exp154-decode-50
B,B3,4,11,3,4894110835959,276640,true,265745,1eeadb414471c8f89207118baad01d1a9ec7b05306df0482a79d92d2c615fa99,exp154-decode-51
B,B3,4,12,0,4894111200740,265974,true,265745,1eeadb414471c8f89207118baad01d1a9ec7b05306df0482a79d92d2c615fa99,exp154-decode-52
B,B3,4,12,1,4894111207067,267949,true,265745,1eeadb414471c8f89207118baad01d1a9ec7b05306df0482a79d92d2c615fa99,exp154-decode-53
B,B3,4,12,2,4894111215016,276157,true,265745,1eeadb414471c8f89207118baad01d1a9ec7b05306df0482a79d92d2c615fa99,exp154-decode-54
B,B3,4,12,3,4894111220776,276549,true,265745,1eeadb414471c8f89207118baad01d1a9ec7b05306df0482a79d92d2c615fa99,exp154-decode-55
B,B3,4,13,1,4894111572815,269730,true,265745,1eeadb414471c8f89207118baad01d1a9ec7b05306df0482a79d92d2c615fa99,exp154-decode-57
B,B3,4,13,3,4894111579341,279508,true,265745,1eeadb414471c8f89207118baad01d1a9ec7b05306df0482a79d92d2c615fa99,exp154-decode-59
B,B3,4,13,2,4894111579757,280472,true,265745,1eeadb414471c8f89207118baad01d1a9ec7b05306df0482a79d92d2c615fa99,exp154-decode-58
B,B3,4,13,0,4894111572483,342514,true,265745,1eeadb414471c8f89207118baad01d1a9ec7b05306df0482a79d92d2c615fa99,exp154-decode-56
B,B3,8,4,1,4894114029807,266378,true,265745,1eeadb414471c8f89207118baad01d1a9ec7b05306df0482a79d92d2c615fa99,exp154-decode-53
B,B3,8,4,0,4894114022278,289109,true,265745,1eeadb414471c8f89207118baad01d1a9ec7b05306df0482a79d92d2c615fa99,exp154-decode-52
B,B3,8,4,5,4894114040832,273990,true,265745,1eeadb414471c8f89207118baad01d1a9ec7b05306df0482a79d92d2c615fa99,exp154-decode-57
B,B3,8,4,4,4894114048093,291823,true,265745,1eeadb414471c8f89207118baad01d1a9ec7b05306df0482a79d92d2c615fa99,exp154-decode-56
B,B3,8,4,3,4894114041793,299304,true,265745,1eeadb414471c8f89207118baad01d1a9ec7b05306df0482a79d92d2c615fa99,exp154-decode-55
B,B3,8,4,7,4894114070614,308781,true,265745,1eeadb414471c8f89207118baad01d1a9ec7b05306df0482a79d92d2c615fa99,exp154-decode-59
B,B3,8,4,2,4894114084115,458104,true,265745,1eeadb414471c8f89207118baad01d1a9ec7b05306df0482a79d92d2c615fa99,exp154-decode-54
B,B3,8,4,6,4894114319391,277073,true,265745,1eeadb414471c8f89207118baad01d1a9ec7b05306df0482a79d92d2c615fa99,exp154-decode-58
B,B3,8,5,2,4894114664501,295873,true,265745,1eeadb414471c8f89207118baad01d1a9ec7b05306df0482a79d92d2c615fa99,exp154-decode-62
B,B3,8,5,7,4894114725525,265153,true,265745,1eeadb414471c8f89207118baad01d1a9ec7b05306df0482a79d92d2c615fa99,exp154-decode-51
B,B3,8,5,6,4894114734197,267477,true,265745,1eeadb414471c8f89207118baad01d1a9ec7b05306df0482a79d92d2c615fa99,exp154-decode-50
B,B3,8,5,5,4894114685070,322496,true,265745,1eeadb414471c8f89207118baad01d1a9ec7b05306df0482a79d92d2c615fa99,exp154-decode-49
B,B3,8,5,0,4894114658611,636677,true,265745,1eeadb414471c8f89207118baad01d1a9ec7b05306df0482a79d92d2c615fa99,exp154-decode-60
B,B3,8,5,4,4894114710453,651881,true,265745,1eeadb414471c8f89207118baad01d1a9ec7b05306df0482a79d92d2c615fa99,exp154-decode-64
B,B3,8,5,3,4894114973043,396555,true,265745,1eeadb414471c8f89207118baad01d1a9ec7b05306df0482a79d92d2c615fa99,exp154-decode-63
B,B3,8,5,1,4894114657834,759161,true,265745,1eeadb414471c8f89207118baad01d1a9ec7b05306df0482a79d92d2c615fa99,exp154-decode-61
B,B3,8,6,0,4894115497656,260069,true,265745,1eeadb414471c8f89207118baad01d1a9ec7b05306df0482a79d92d2c615fa99,exp154-decode-52
B,B3,8,6,1,4894115504780,266134,true,265745,1eeadb414471c8f89207118baad01d1a9ec7b05306df0482a79d92d2c615fa99,exp154-decode-53
B,B3,8,6,3,4894115509035,271881,true,265745,1eeadb414471c8f89207118baad01d1a9ec7b05306df0482a79d92d2c615fa99,exp154-decode-55
B,B3,8,6,2,4894115531333,273807,true,265745,1eeadb414471c8f89207118baad01d1a9ec7b05306df0482a79d92d2c615fa99,exp154-decode-54
B,B3,8,6,7,4894115562483,281499,true,265745,1eeadb414471c8f89207118baad01d1a9ec7b05306df0482a79d92d2c615fa99,exp154-decode-59
B,B3,8,6,4,4894115573784,290952,true,265745,1eeadb414471c8f89207118baad01d1a9ec7b05306df0482a79d92d2c615fa99,exp154-decode-56
B,B3,8,6,5,4894115653544,388610,true,265745,1eeadb414471c8f89207118baad01d1a9ec7b05306df0482a79d92d2c615fa99,exp154-decode-57
B,B3,8,6,6,4894115744220,361580,true,265745,1eeadb414471c8f89207118baad01d1a9ec7b05306df0482a79d92d2c615fa99,exp154-decode-58
B,B3,8,7,0,4894116156334,260834,true,265745,1eeadb414471c8f89207118baad01d1a9ec7b05306df0482a79d92d2c615fa99,exp154-decode-60
B,B3,8,7,2,4894116170446,264889,true,265745,1eeadb414471c8f89207118baad01d1a9ec7b05306df0482a79d92d2c615fa99,exp154-decode-62
B,B3,8,7,6,4894116175044,269899,true,265745,1eeadb414471c8f89207118baad01d1a9ec7b05306df0482a79d92d2c615fa99,exp154-decode-50
B,B3,8,7,7,4894116177873,288109,true,265745,1eeadb414471c8f89207118baad01d1a9ec7b05306df0482a79d92d2c615fa99,exp154-decode-51
B,B3,8,7,4,4894116195920,284440,true,265745,1eeadb414471c8f89207118baad01d1a9ec7b05306df0482a79d92d2c615fa99,exp154-decode-64
B,B3,8,7,3,4894116202770,279177,true,265745,1eeadb414471c8f89207118baad01d1a9ec7b05306df0482a79d92d2c615fa99,exp154-decode-63
B,B3,8,7,1,4894116159482,530675,true,265745,1eeadb414471c8f89207118baad01d1a9ec7b05306df0482a79d92d2c615fa99,exp154-decode-61
B,B3,8,7,5,4894116440507,271313,true,265745,1eeadb414471c8f89207118baad01d1a9ec7b05306df0482a79d92d2c615fa99,exp154-decode-49
B,B3,8,8,0,4894116762277,261344,true,265745,1eeadb414471c8f89207118baad01d1a9ec7b05306df0482a79d92d2c615fa99,exp154-decode-52
B,B3,8,8,4,4894116777971,272101,true,265745,1eeadb414471c8f89207118baad01d1a9ec7b05306df0482a79d92d2c615fa99,exp154-decode-56
B,B3,8,8,1,4894116775055,280832,true,265745,1eeadb414471c8f89207118baad01d1a9ec7b05306df0482a79d92d2c615fa99,exp154-decode-53
B,B3,8,8,3,4894116780884,280512,true,265745,1eeadb414471c8f89207118baad01d1a9ec7b05306df0482a79d92d2c615fa99,exp154-decode-55
B,B3,8,8,7,4894116784124,281540,true,265745,1eeadb414471c8f89207118baad01d1a9ec7b05306df0482a79d92d2c615fa99,exp154-decode-59
B,B3,8,8,6,4894116783567,283294,true,265745,1eeadb414471c8f89207118baad01d1a9ec7b05306df0482a79d92d2c615fa99,exp154-decode-58
B,B3,8,8,5,4894116921410,365133,true,265745,1eeadb414471c8f89207118baad01d1a9ec7b05306df0482a79d92d2c615fa99,exp154-decode-57
B,B3,8,8,2,4894117041208,282238,true,265745,1eeadb414471c8f89207118baad01d1a9ec7b05306df0482a79d92d2c615fa99,exp154-decode-54
B,B3,8,9,1,4894117401746,261910,true,265745,1eeadb414471c8f89207118baad01d1a9ec7b05306df0482a79d92d2c615fa99,exp154-decode-61
B,B3,8,9,0,4894117407024,277526,true,265745,1eeadb414471c8f89207118baad01d1a9ec7b05306df0482a79d92d2c615fa99,exp154-decode-60
B,B3,8,9,2,4894117412586,281743,true,265745,1eeadb414471c8f89207118baad01d1a9ec7b05306df0482a79d92d2c615fa99,exp154-decode-62
B,B3,8,9,3,4894117411247,287921,true,265745,1eeadb414471c8f89207118baad01d1a9ec7b05306df0482a79d92d2c615fa99,exp154-decode-63
B,B3,8,9,6,4894117434864,291134,true,265745,1eeadb414471c8f89207118baad01d1a9ec7b05306df0482a79d92d2c615fa99,exp154-decode-50
B,B3,8,9,4,4894117413243,340348,true,265745,1eeadb414471c8f89207118baad01d1a9ec7b05306df0482a79d92d2c615fa99,exp154-decode-64
B,B3,8,9,5,4894117454699,437865,true,265745,1eeadb414471c8f89207118baad01d1a9ec7b05306df0482a79d92d2c615fa99,exp154-decode-49
B,B3,8,9,7,4894117684967,272928,true,265745,1eeadb414471c8f89207118baad01d1a9ec7b05306df0482a79d92d2c615fa99,exp154-decode-51
B,B3,8,10,0,4894118015125,8951032,true,265745,1eeadb414471c8f89207118baad01d1a9ec7b05306df0482a79d92d2c615fa99,exp154-decode-52
B,B3,8,10,7,4894118045499,9014661,true,265745,1eeadb414471c8f89207118baad01d1a9ec7b05306df0482a79d92d2c615fa99,exp154-decode-59
B,B3,8,10,3,4894118016033,9046039,true,265745,1eeadb414471c8f89207118baad01d1a9ec7b05306df0482a79d92d2c615fa99,exp154-decode-55
B,B3,8,10,1,4894118018121,9070258,true,265745,1eeadb414471c8f89207118baad01d1a9ec7b05306df0482a79d92d2c615fa99,exp154-decode-53
B,B3,8,10,6,4894118077634,9044220,true,265745,1eeadb414471c8f89207118baad01d1a9ec7b05306df0482a79d92d2c615fa99,exp154-decode-58
B,B3,8,10,2,4894118025339,9259285,true,265745,1eeadb414471c8f89207118baad01d1a9ec7b05306df0482a79d92d2c615fa99,exp154-decode-54
B,B3,8,10,5,4894118060438,9270222,true,265745,1eeadb414471c8f89207118baad01d1a9ec7b05306df0482a79d92d2c615fa99,exp154-decode-57
B,B3,8,10,4,4894118020212,9357790,true,265745,1eeadb414471c8f89207118baad01d1a9ec7b05306df0482a79d92d2c615fa99,exp154-decode-56
B,B3,8,11,4,4894127534757,273101,true,265745,1eeadb414471c8f89207118baad01d1a9ec7b05306df0482a79d92d2c615fa99,exp154-decode-64
B,B3,8,11,1,4894127503587,325869,true,265745,1eeadb414471c8f89207118baad01d1a9ec7b05306df0482a79d92d2c615fa99,exp154-decode-61
B,B3,8,11,5,4894127535836,293762,true,265745,1eeadb414471c8f89207118baad01d1a9ec7b05306df0482a79d92d2c615fa99,exp154-decode-49
B,B3,8,11,6,4894127584980,274275,true,265745,1eeadb414471c8f89207118baad01d1a9ec7b05306df0482a79d92d2c615fa99,exp154-decode-50
B,B3,8,11,0,4894127503561,405743,true,265745,1eeadb414471c8f89207118baad01d1a9ec7b05306df0482a79d92d2c615fa99,exp154-decode-60
B,B3,8,11,3,4894127552866,505977,true,265745,1eeadb414471c8f89207118baad01d1a9ec7b05306df0482a79d92d2c615fa99,exp154-decode-63
B,B3,8,11,2,4894127514561,563859,true,265745,1eeadb414471c8f89207118baad01d1a9ec7b05306df0482a79d92d2c615fa99,exp154-decode-62
B,B3,8,11,7,4894127783958,301655,true,265745,1eeadb414471c8f89207118baad01d1a9ec7b05306df0482a79d92d2c615fa99,exp154-decode-51
B,B3,8,12,0,4894128168106,260844,true,265745,1eeadb414471c8f89207118baad01d1a9ec7b05306df0482a79d92d2c615fa99,exp154-decode-52
B,B3,8,12,3,4894128177546,267554,true,265745,1eeadb414471c8f89207118baad01d1a9ec7b05306df0482a79d92d2c615fa99,exp154-decode-55
B,B3,8,12,7,4894128186191,275713,true,265745,1eeadb414471c8f89207118baad01d1a9ec7b05306df0482a79d92d2c615fa99,exp154-decode-59
B,B3,8,12,4,4894128189391,276280,true,265745,1eeadb414471c8f89207118baad01d1a9ec7b05306df0482a79d92d2c615fa99,exp154-decode-56
B,B3,8,12,1,4894128209850,280661,true,265745,1eeadb414471c8f89207118baad01d1a9ec7b05306df0482a79d92d2c615fa99,exp154-decode-53
B,B3,8,12,2,4894128303323,376270,true,265745,1eeadb414471c8f89207118baad01d1a9ec7b05306df0482a79d92d2c615fa99,exp154-decode-54
B,B3,8,12,5,4894128294739,441917,true,265745,1eeadb414471c8f89207118baad01d1a9ec7b05306df0482a79d92d2c615fa99,exp154-decode-57
B,B3,8,12,6,4894128494986,308006,true,265745,1eeadb414471c8f89207118baad01d1a9ec7b05306df0482a79d92d2c615fa99,exp154-decode-58
B,B3,8,13,0,4894128877015,261168,true,265745,1eeadb414471c8f89207118baad01d1a9ec7b05306df0482a79d92d2c615fa99,exp154-decode-60
B,B3,8,13,3,4894128899913,280109,true,265745,1eeadb414471c8f89207118baad01d1a9ec7b05306df0482a79d92d2c615fa99,exp154-decode-63
B,B3,8,13,7,4894128897406,283773,true,265745,1eeadb414471c8f89207118baad01d1a9ec7b05306df0482a79d92d2c615fa99,exp154-decode-51
B,B3,8,13,5,4894128886148,296982,true,265745,1eeadb414471c8f89207118baad01d1a9ec7b05306df0482a79d92d2c615fa99,exp154-decode-49
B,B3,8,13,6,4894128895817,309858,true,265745,1eeadb414471c8f89207118baad01d1a9ec7b05306df0482a79d92d2c615fa99,exp154-decode-50
B,B3,8,13,4,4894128956469,291822,true,265745,1eeadb414471c8f89207118baad01d1a9ec7b05306df0482a79d92d2c615fa99,exp154-decode-64
B,B3,8,13,1,4894128880323,521339,true,265745,1eeadb414471c8f89207118baad01d1a9ec7b05306df0482a79d92d2c615fa99,exp154-decode-61
B,B3,8,13,2,4894128928296,495902,true,265745,1eeadb414471c8f89207118baad01d1a9ec7b05306df0482a79d92d2c615fa99,exp154-decode-62
